Company,Contact us url,Home page url,Scraped_Address,Scraped_Phone,Scraped_Website,Found_Email,Key Person 1,Designation 1,Key Person 2,Designation 2,Key Person 3,Designation 3
Brimley Development LLC,https://www.thebluebook.com/iProView/1196729/brimley-development-llc/general-contractors/locations-contacts/,https://www.thebluebook.com/iProView/1196729/brimley-development-llc/general-contractors/,"4901 E. Indian School Rd. Phoenix, AZ 85018",+14802477770,http://www.brimdev.com/,info@brimleydev.com,Brett Brimley,"Brett Brimley
Owner
View Phone
View Fax",N/A,N/A,N/A,N/A
Briston Construction LLC,https://www.thebluebook.com/iProView/1130660/briston-construction-llc/general-contractors/locations-contacts/,https://www.thebluebook.com/iProView/1130660/briston-construction-llc/general-contractors/,"309 E. 10th Dr. Mesa, AZ 85210",+14807765810,http://www.bristonconstruction.com/,info@briston.us,Greg McDowell,"Greg McDowell
Chief Estimator
(480) 776-5810
(480) 776-5813",Tracy Gore,"Tracy Gore
Preconstruction Coordinator
(480) 776-5810",Steve Bell,"Steve Bell
Project Manager
(480) 776-5810
(480) 776-5813"
Broadleaf Building Corp,https://www.thebluebook.com/iProView/1259421/broadleaf-building-corp/general-contractors/locations-contacts/,https://www.thebluebook.com/iProView/1259421/broadleaf-building-corp/general-contractors/,"P.O. Box 2401 Mesa, AZ 85214",+16025719522,https://www.thebluebook.com/iProView/1259421/broadleaf-building-corp/general-contractors/locations-contacts/broadleafbuildingcorp.us,N/A,Thomas W. Bilyea,"Thomas W. Bilyea
CEO
(602) 571-9522
(602) 571-9522",N/A,N/A,N/A,N/A
Brown Builders LLC,https://www.thebluebook.com/iProView/1351355/brown-builders-llc/general-contractors/locations-contacts/,https://www.thebluebook.com/iProView/1351355/brown-builders-llc/general-contractors/,"2740 S. Hardy Dr. Ste. 2 Tempe, AZ 85282",+14807766441,http://www.brownbuilders.co/,user@domain.com,Gil Brown,"Gil Brown
Owner
(480) 776-6441",N/A,N/A,N/A,N/A
Buchanan Construction LLC,https://www.thebluebook.com/iProView/1769878/buchanan-construction-llc/general-contractors/locations-contacts/,https://www.thebluebook.com/iProView/1769878/buchanan-construction-llc/general-contractors/,"519 E. Granite Dells Rd. Payson, AZ 85541",+19284728204,https://www.buchananconstructionaz.com/,605a7baede844d278b89dc95ae0a9123@sentry-next.wixpress.com,Dale Buchanan,"Dale Buchanan
Prin.
View Phone
View Fax",N/A,N/A,N/A,N/A
Build A Better Phoenix,https://www.thebluebook.com/iProView/1852300/build-a-better-phoenix/general-contractors/locations-contacts/,https://www.thebluebook.com/iProView/1852300/build-a-better-phoenix/general-contractors/,"1100 E. Washington St. Ste. 125 Phoenix, AZ 85034",+16023778320,https://www.thebluebook.com/iProView/1852300/build-a-better-phoenix/general-contractors/locations-contacts/buildabetterphoenix.com,N/A,Kristopher Ontiveros,"Kristopher Ontiveros
View Phone",N/A,N/A,N/A,N/A
Build Strategic LLC,https://www.thebluebook.com/iProView/1095769/build-strategic-llc/general-contractors/locations-contacts/,https://www.thebluebook.com/iProView/1095769/build-strategic-llc/general-contractors/,"205 E. Lexington Ave. Phoenix, AZ 85012",+16025588739,http://www.buildstrategic.com/,None Found,Ted Donley,"Ted Donley
Managing Member
(602) 558-8739
(602) 944-0635",N/A,N/A,N/A,N/A
"Builders Contracting & Restoration, Inc.",https://www.thebluebook.com/iProView/1236632/builders-contracting-restoration-inc/general-contractors/locations-contacts/,https://www.thebluebook.com/iProView/1236632/builders-contracting-restoration-inc/general-contractors/,"550 W. Baseline Rd. Suite 102-402 Mesa, AZ 85210",+14805030899,http://www.builderscontracting.com/,N/A,Dave Williams,"Dave Williams
Owner
(480) 503-0899",N/A,N/A,N/A,N/A
"Builders Guild, Inc.",https://www.thebluebook.com/iProView/291740/builders-guild-inc/general-contractors/locations-contacts/,https://www.thebluebook.com/iProView/291740/builders-guild-inc/general-contractors/,"4950 E. Ingram St. Mesa, AZ 85205",+14808330404,http://www.buildersguild.com/,None Found,Kathryn B. Carter,"Kathryn B. Carter
President & CFO
(480) 833-0404
(480) 833-0404",Leon Pat Maxwell,"Leon Pat Maxwell
Vice President
(480) 833-0404
(480) 833-0980",Nick Nikrant,"Nick Nikrant
Vice President And Project Manager
(480) 833-0404
(480) 833-0980"
Builders West,https://www.thebluebook.com/iProView/1587228/builders-west/general-contractors/locations-contacts/,https://www.thebluebook.com/iProView/1587228/builders-west/general-contractors/,"464 W. Hillview Cir. Mesa, AZ 85201",+14809649114,http://www.builderswest.net/,N/A,Gary Mehus,"Gary Mehus
Owner
(480) 964-9114
(602) 309-0273",N/A,N/A,N/A,N/A
Building Excellence LLC,https://www.thebluebook.com/iProView/1026551/building-excellence-llc/general-contractors/locations-contacts/,https://www.thebluebook.com/iProView/1026551/building-excellence-llc/general-contractors/,"1860 W. Price St. Tucson, AZ 85705-2217",+15202196993,http://www.buildingexcellence-llc.com/,user@domain.com,Jamie Olding,"Jamie Olding
Owner
(520) 219-6993
(520) 219-8452",Evie Metcalf,"Evie Metcalf
Project Manager
(520) 219-6993
(520) 219-8452",N/A,N/A
Burris Horrell Corp.,https://www.thebluebook.com/iProView/1156967/burris-horrell-corp/general-contractors/locations-contacts/,https://www.thebluebook.com/iProView/1156967/burris-horrell-corp/general-contractors/,"7931 E. Pecos Rd., Ste. 159 Mesa, AZ 85212",+14802644597,http://www.burrishorrell.com/,N/A,Richard Best,"Richard Best
President
(480) 264-4597
(480) 284-5451",Josh Best,"Josh Best
Project Manager
(480) 264-4597
(480) 284-5451",N/A,N/A
Butler Developments LLC,https://www.thebluebook.com/iProView/1461646/butler-developments-llc/general-contractors/locations-contacts/,https://www.thebluebook.com/iProView/1461646/butler-developments-llc/general-contractors/,"P.O. Box 3030 Show Low, AZ 85902",+19285372434,http://www.butlerdevelopments.com/,None Found,Dustin Butler,"Dustin Butler
Owner
(928) 537-2434
(928) 537-4234",N/A,N/A,N/A,N/A
C & B Construction,https://www.thebluebook.com/iProView/812689/c-b-construction/general-contractors/locations-contacts/,https://www.thebluebook.com/iProView/812689/c-b-construction/general-contractors/,"1380 Bates Rd. Cottonwood, AZ 86326-5407",+19286348453,http://greyfoxridge.com/,None Found,Bill Bullock,"Bill Bullock
Owner
(928) 634-8453",Laurie Bullock,"Laurie Bullock
Vice President
(928) 634-8453",N/A,N/A
"C L R Structures, Inc.",https://www.thebluebook.com/iProView/1111362/c-l-r-structures-inc/general-contractors/locations-contacts/,https://www.thebluebook.com/iProView/1111362/c-l-r-structures-inc/general-contractors/,"614 E. Pasture Canyon Dr. San Tan Valley, AZ 85143",+14802018383,http://www.miraclerestoration.biz/,None Found,N/A,N/A,N/A,N/A,N/A,N/A
CDK Builders,https://www.thebluebook.com/iProView/1871131/cdk-builders/general-contractors/locations-contacts/,https://www.thebluebook.com/iProView/1871131/cdk-builders/general-contractors/,"5301 E. Yucca St. Scottsdale, AZ 85254",+14808097372,https://www.thebluebook.com/iProView/1871131/cdk-builders/general-contractors/locations-contacts/cdkbuildersaz.com,N/A,N/A,N/A,N/A,N/A,N/A,N/A
CJCC Construction Services,https://www.thebluebook.com/iProView/1111236/cjcc-construction-services/general-contractors/locations-contacts/,https://www.thebluebook.com/iProView/1111236/cjcc-construction-services/general-contractors/,"777 W. Pinnacle Peak Rd. Suite B102 Phoenix, AZ 85027",+16234765708,http://www.cjcconline.com/,8c4075d5481d476e945486754f783364@sentry.io,Brandin Lewis,"Brandin Lewis
Owner
(623) 476-5708
(602) 803-3074",Chad Lewis,"Chad Lewis
Owner
(623) 476-5708
(602) 487-6554",N/A,N/A
CKZ Holdings LLC,https://www.thebluebook.com/iProView/1839851/ckz-holdings-llc/subcontractors/locations-contacts/,https://www.thebluebook.com/iProView/1839851/ckz-holdings-llc/subcontractors/,"4210 N. Brown Ave. Scottsdale, AZ 85251",+16023183900,http://ckzholdings.com/,N/A,Unknown User,"Unknown User
View Phone",N/A,N/A,N/A,N/A
CLW Construction Inc.,https://www.thebluebook.com/iProView/1009289/clw-construction-inc/general-contractors/locations-contacts/,,"P.O. Box 51450 Phoenix, AZ 85076",+14809405562,https://www.clwconstructioninc.com/,None Found,Chuck Williams,"Chuck Williams
President & Chief Executive Officer
(480) 428-0764
(480) 753-4692",Joe Miele,"Joe Miele
Project Manager & Estimator
(480) 940-5562
(480) 753-4692",Richard Moore,"Richard Moore
Project Manager
(480) 428-0764
(480) 753-4692"
"CM Construction, Inc.",https://www.thebluebook.com/iProView/1026531/cm-construction/general-contractors/locations-contacts/,https://www.thebluebook.com/iProView/1026531/cm-construction/general-contractors/,"674 N. Adams St. Benson, AZ 85602",+15202210025,https://www.facebook.com/p/cm-hazard-control-100066827602673/,None Found,Caleb Malboeuf,"Caleb Malboeuf
President
(520) 221-0025
(520) 720-9307",N/A,N/A,N/A,N/A
CNC Contracting LLC,https://www.thebluebook.com/iProView/1822827/cnc-contracting-llc/subcontractors/locations-contacts/,https://www.thebluebook.com/iProView/1822827/cnc-contracting-llc/subcontractors/,"1317 W. McKinley St. Phoenix, AZ 85007",+16023190459,https://cnc-az.com/,admin@cnc-az.com,Christina Foster,"Christina Foster
View Phone",Christina Foster,"Christina Foster
Prin.
View Phone",N/A,N/A
CORE,https://www.thebluebook.com/iProView/949703/core/general-contractors/locations-contacts/,https://www.thebluebook.com/iProView/949703/core/general-contractors/,"3036 E. Greenway Rd. Phoenix, AZ 85032",+16024940800,http://www.coreconstruction.com/,None Found,Gary Frazier,"Gary Frazier
President
(602) 494-0800
(602) 992-0648",Jim Jacobs,"Jim Jacobs
President & CEO
(602) 494-0800
(602) 992-0648",Jim Miller,"Jim Miller
Vice President
(602) 494-0800
(602) 992-0648"
"CORE Construction, Inc.",https://www.thebluebook.com/iProView/1018031/core-construction-inc/general-contractors/locations-contacts/,https://www.thebluebook.com/iProView/1018031/core-construction-inc/general-contractors/,"504 E. Southern Ave. Tempe, AZ 85282",+14809212540,http://www.coreconstruct.com/,N/A,Otto Baum,"Otto Baum
Founder
(480) 921-2540",Hamilton Ramirez,"Hamilton Ramirez
Project Manager
(480) 921-2540
(480) 921-2540",Sally Spettigue,"Sally Spettigue
Assistant Project Manager
(480) 921-2540"
CPI  Inc.,https://www.thebluebook.com/iProView/1222784/cpi-inc/general-contractors/locations-contacts/,https://www.thebluebook.com/iProView/1222784/cpi-inc/general-contractors/,"8010 E. McDowell Rd., Ste. 103 Scottsdale, AZ 85257",+14808398700,http://www.cpijobs.com/,None Found,James Cowper,"James Cowper
President
(480) 839-8700",Jay Vorobel,"Jay Vorobel
Executive Vice President
(480) 839-8700",Shelly Olmstead,"Shelly Olmstead
(480) 839-8700
(480) 339-0458"
"CR Commercial Contractors, Inc.",https://www.thebluebook.com/iProView/1184596/cr-commercial-contractors-inc/general-contractors/locations-contacts/,https://www.thebluebook.com/iProView/1184596/cr-commercial-contractors-inc/general-contractors/,"23027 North 15th Lane Suite A Phoenix, AZ 85027",+16234348581,http://crcontractors.com/,None Found,Douglas R Terrill,"Douglas R Terrill
COO
(623) 434-8581
(623) 434-8584",Michael Rauschenberger,"Michael Rauschenberger
CEO
(623) 434-8581
(623) 434-8584",N/A,N/A
CRV Construction LLC,https://www.thebluebook.com/iProView/1836437/crv-construction-llc/subcontractors/locations-contacts/,https://www.thebluebook.com/iProView/1836437/crv-construction-llc/subcontractors/,"3334 N. 20th St. Phoenix, AZ 85016",+14808452671,https://www.crvconstructionaz.com/,605a7baede844d278b89dc95ae0a9123@sentry-next.wixpress.com,Carlos Ramirez,"Carlos Ramirez
Mbr.
View Phone",N/A,N/A,N/A,N/A
Caddell Construction,https://www.thebluebook.com/iProView/1881801/caddell-construction/subcontractors/locations-contacts/,https://www.thebluebook.com/iProView/1881801/caddell-construction/subcontractors/,"4747 N. 22nd St., Ste. 400 Phoenix, AZ 85016",+14806303908,https://caddell.com/,None Found,Christina Dexter,"Christina Dexter
View Phone",N/A,N/A,N/A,N/A
Caldwell Constr.,https://www.thebluebook.com/iProView/1522005/caldwell-constr/general-contractors/locations-contacts/,https://www.thebluebook.com/iProView/1522005/caldwell-constr/general-contractors/,"2200 E. River Rd. Ste. 121 Tucson, AZ 85718-6579",+15203987101,https://caldwellwatza.com/,None Found,Dennis A Caldwell Jr.,"Dennis A Caldwell Jr.
Project Manager
(520) 398-7101","Dennis A. Caldwell, Sr.","Dennis A. Caldwell, Sr.
Project Manager
(520) 398-7101",Matt Watza,"Matt Watza
Project Manager
(520) 398-7101"
Caliber Development,https://www.thebluebook.com/iProView/1524399/caliber-development/general-contractors/locations-contacts/,https://www.thebluebook.com/iProView/1524399/caliber-development/general-contractors/,"8901 E. Mountain View Rd. Suite #150 Scottsdale, AZ 85258",+14802957600,http://www.caliberco.com/,dan.lundmark@caliberco.com,Bill Gerber,"Bill Gerber
Advisory Board Member
(480) 295-7600",Chris Loeffler,"Chris Loeffler
Chief Executive Officer / Founder
(480) 295-7600",Dan Hansen,"Dan Hansen
Advisory Board Member
(480) 295-7600"
"Caliente Construction, Inc.",https://www.thebluebook.com/iProView/389542/caliente-construction-inc/general-contractors/locations-contacts/,https://www.thebluebook.com/iProView/389542/caliente-construction-inc/general-contractors/,"485 W. Vaughn St. Tempe, AZ 85283",+14808945500,http://www.calienteconstruction.com/,info@calienteconstruction.com,Lorraine Bergman,"Lorraine Bergman
President/CEO
(480) 894-5500",Kimberly Bingham,"Kimberly Bingham
Project Coordinator
(480) 894-5500
(480) 894-2323",Vanessa Singleton,"Vanessa Singleton
Project Coordinator
(480) 894-5500
(480) 894-2323"
Cambridge Companies,https://www.thebluebook.com/iProView/1529314/cambridge-design-build/general-contractors/locations-contacts/,https://www.thebluebook.com/iProView/1529314/cambridge-design-build/general-contractors/,"14201 N. 87th St. Ste. C-135 Scottsdale, AZ 85260",+12199721155,http://www.cambridgecoinc.com/,None Found,Bryan Young,"Bryan Young
Vice President & Partner
(219) 972-1155",Jeff Eriks,"Jeff Eriks
President & Partner
(219) 972-1155",Leonard Zelms,"Leonard Zelms
Director, Preconstruction Services
(219) 972-1155"
Camerucci Montenegro,https://www.thebluebook.com/iProView/1146079/camerucci-montenegro/general-contractors/locations-contacts/,https://www.thebluebook.com/iProView/1146079/camerucci-montenegro/general-contractors/,"4140 E. Baseline Rd. Suite 101 Mesa, AZ 85206",+14803383612,http://www.cameruccimontenegro.com/,remodel@cmbuilt.com,Christopher Camerucci,"Christopher Camerucci
Principal
(480) 447-2411
(480) 338-3612",Eddy Montenegro,"Eddy Montenegro
Principal
(480) 447-2411
(480) 214-4761",Danitza Camerucci,"Danitza Camerucci
Office Manager
(480) 447-2411"
Cammisa Construction,https://www.thebluebook.com/iProView/847479/cammisa-construction/general-contractors/locations-contacts/,https://www.thebluebook.com/iProView/847479/cammisa-construction/general-contractors/,"3019 E. Mineral Park Rd. Queen Creek, AZ 85143",+14803076777,http://cammisaconstruction.com/,N/A,Ronnie Cammisa,"Ronnie Cammisa
CEO & President
(480) 307-6777",N/A,N/A,N/A,N/A
Campbell Development,https://www.thebluebook.com/iProView/992804/campbell-development/general-contractors/locations-contacts/,https://www.thebluebook.com/iProView/992804/campbell-development/general-contractors/,"2730 W. Agua Fria Fwy. Ste.100 Phoenix, AZ 85027",+16234348500,http://www.campbell-development.com/,info@campbell-development.com,Jimmy Campbell,"Jimmy Campbell
CEO
(623) 434-8500
(623) 434-9020",Scott Campbell,"Scott Campbell
President
(623) 434-8500
(623) 434-9020",Kevin Barrington,"Kevin Barrington
Project Manager
(623) 434-8500
(623) 434-9020"
"Camwest Group, Inc.",https://www.thebluebook.com/iProView/353478/camwest-group-inc/general-contractors/locations-contacts/,https://www.thebluebook.com/iProView/353478/camwest-group-inc/general-contractors/,"1743 W. Prince Rd., Ste. 101 Tucson, AZ 85705",+15202972171,http://www.camwestgroup.com/,None Found,Edward Kocis Jr,"Edward Kocis Jr
President
(520) 297-2171
(520) 297-3310",Teresa Garcia,"Teresa Garcia
(520) 297-2171
(520) 297-3310",N/A,N/A
Canyon Building & Design,https://www.thebluebook.com/iProView/1207484/canyon-building-design/general-contractors/locations-contacts/,https://www.thebluebook.com/iProView/1207484/canyon-building-design/general-contractors/,"3040 N. 44th St., Ste. 4 Phoenix, AZ 85018",+16023587332,http://www.canyonbd.com/,None Found,David Gerovac,"David Gerovac
Chief Executive Officer
(520) 299-7927
(602) 374-4327",Chantal Tourigny,"Chantal Tourigny
Senior Manager - Design & Quality
(602) 358-7332
(602) 374-4327",Chris Bowen,"Chris Bowen
Project Manager
(602) 358-7332
(602) 374-4327"
Canyon Lake Construction,https://www.thebluebook.com/iProView/1122086/canyon-lake-construction/general-contractors/locations-contacts/,https://www.thebluebook.com/iProView/1122086/canyon-lake-construction/general-contractors/,"7441 N. Citrus Rd. Waddell, AZ 85355",+16237458046,http://www.canyonlakeconstruction.com/,None Found,Paula Conroy,"Paula Conroy
Founder, Office Manager & Public Relations
(602) 574-6760
(623) 455-8819",Richard Conroy,"Richard Conroy
Founder and General Manager
(602) 565-6896
(623) 455-8819",Kristi Fitzpatrick,"Kristi Fitzpatrick
Office Administrator & Bookkeeper
(623) 745-8046
(602) 574-6760"
Capital R Constr.,https://www.thebluebook.com/iProView/1873029/capital-r-constr/general-contractors/locations-contacts/,https://www.thebluebook.com/iProView/1873029/capital-r-constr/general-contractors/,"3009 N. Rockwell Ave., Ste. 4 Casa Grande , AZ 85222",+15204831512,http://www.capitalrinc.com/,None Found,N/A,N/A,N/A,N/A,N/A,N/A
"Capstone Custom Builders, Inc.",https://www.thebluebook.com/iProView/1237776/capstone-custom-builders-inc/general-contractors/locations-contacts/,https://www.thebluebook.com/iProView/1237776/capstone-custom-builders-inc/general-contractors/,"3431 E. Enrose St. Mesa, AZ 85213",+14802184077,http://www.capstonecustombuilders.com/,N/A,Bryce Jenkins,"Bryce Jenkins
Founder
(602) 882-3600",N/A,N/A,N/A,N/A
Cardon Development Group,https://www.thebluebook.com/iProView/1602094/cardon-development-group/general-contractors/locations-contacts/,https://www.thebluebook.com/iProView/1602094/cardon-development-group/general-contractors/,"2701 E Camelback Rd Ste 180 Phoenix, AZ 85016",+16026291234,http://cardondevelopment.com/,info@cardondevelopment.com,Don Cardon,"Don Cardon
Founder/CEO
(602) 629-1234",Matt Seaman,"Matt Seaman
President
(602) 629-1234",N/A,N/A
Carlo Builders LLC,https://www.thebluebook.com/iProView/1731295/carlo-builders-llc/general-contractors/locations-contacts/,https://www.thebluebook.com/iProView/1731295/carlo-builders-llc/general-contractors/,"2773 E. Rock Wren Rd. Phoenix, AZ 85048-8936",+16022840036,https://carlobuilders.com/,N/A,Derrick Carlo,"Derrick Carlo
(602) 284-0036
(480) 525-2100
(602) 305-9299",N/A,N/A,N/A,N/A
"Carrera Custom Homes, Inc.",https://www.thebluebook.com/iProView/1645969/carrera-custom-homes-inc/general-contractors/locations-contacts/,https://www.thebluebook.com/iProView/1645969/carrera-custom-homes-inc/general-contractors/,"1312 W. Alameda St. Unit 1 Tucson, AZ 85745",+15203498834,https://carreraconstruction.wordpress.com/,omanager.cch@outlook.com,Andrew A. Carrera,"Andrew A. Carrera
Owner/General Contractor
(520) 349-8834",Luis R. Montoya,"Luis R. Montoya
Office Manager
(520) 419-2904",N/A,N/A
"Caruso Construction, Inc.",https://www.thebluebook.com/iProView/1805687/caruso-construction-inc/subcontractors/locations-contacts/,https://www.thebluebook.com/iProView/1805687/caruso-construction-inc/subcontractors/,"2922 N. 70th St. Scottsdale , AZ 85251",+14804661014,http://www.carusoconstruction.com/,info@ndiscovered.com,Tim Phillips,"Tim Phillips
V.P.
View Phone",N/A,N/A,N/A,N/A
Cassia Builders,https://www.thebluebook.com/iProView/1702566/cassia-builders/general-contractors/locations-contacts/,https://www.thebluebook.com/iProView/1702566/cassia-builders/general-contractors/,"3377 E. Raven Dr. Chandler, AZ 85286",+16022902025,http://www.cassiabuilders.com/,None Found,Steve Davis,"Steve Davis
President
(602) 290-2025
(480) 802-0691",N/A,N/A,N/A,N/A
Castle Rock Homes,https://www.thebluebook.com/iProView/1647483/castle-rock-homes/general-contractors/locations-contacts/,https://www.thebluebook.com/iProView/1647483/castle-rock-homes/general-contractors/,"501 E. Plaza Cir. Ste. A Litchfield Park, AZ 85340",+16239355004,https://www.castlerockhomes.us/,2062d0a4929b45348643784b5cb39c36@sentry.wixpress.com,Gary Fetters,"Gary Fetters
Owner /Operator
(623) 935-5004
(623) 670-0821
(623) 935-1232",Gary Fetters,"Gary Fetters
Owner
(623) 640-9770
(623) 935-1232",Rod Fetters,"Rod Fetters
Owner /Operator
(623) 935-5004
(623) 935-1232"
Cave Creek Contracting,https://www.thebluebook.com/iProView/1872108/cave-creek-contracting/subcontractors/locations-contacts/,https://www.thebluebook.com/iProView/1872108/cave-creek-contracting/subcontractors/,"9035 E. Poinsettia Dr. Minto, -- 85260",+16238876017,https://cavecreekcontracting.com/,gavin@cavecreekcontracting.com,Gavin Smith,"Gavin Smith
Owner
View Phone",N/A,N/A,N/A,N/A
"Champion Home Builders, Inc.",https://www.thebluebook.com/iProView/1694558/champion-home-builders-inc/general-contractors/locations-contacts/,https://www.thebluebook.com/iProView/1694558/champion-home-builders-inc/general-contractors/,"6420 W. Allison Rd. Chandler, AZ 85226-5198",+15207964300,http://www.championhomes.com/,None Found,Mark Yost,"Mark Yost
President
(520) 796-4300",N/A,N/A,N/A,N/A
"Chanen Construction Co., Inc.",https://www.thebluebook.com/iProView/291732/chanen-construction-co-inc/general-contractors/locations-contacts/,https://www.thebluebook.com/iProView/291732/chanen-construction-co-inc/general-contractors/,"3352 E. Camelback Rd. Phoenix, AZ 85018",+16022663600,http://www.chanen.com/,contact@chanen.com,Chris Webb,"Chris Webb
Chief Financial Officer and Senior Vice President of Finance
(602) 266-3600
(602) 285-9268",Herman Chanen,"Herman Chanen
Founder and Chairman
(602) 266-3600
(602) 285-9268",Jeff Stana,"Jeff Stana
Chief Information Officer
(602) 266-3600
(602) 285-9268"
Charter Construction Group,https://www.thebluebook.com/iProView/1640120/charter-construction-group/general-contractors/locations-contacts/,https://www.thebluebook.com/iProView/1640120/charter-construction-group/general-contractors/,"4920 E. McDowell Rd. Suite 101 Phoenix, AZ 85008",+14806825428,http://www.chartergroupusa.com/,info@chartergroupusa.com,Dennis Palmer,"Dennis Palmer
Vice President
(480) 682-5428
(855) 235-1046",Matt Hawkins,"Matt Hawkins
President
(480) 226-0402
(855) 235-1046",Tanya Garcia,"Tanya Garcia
Vice President of Strategic Growth
(480) 682-5428
(855) 235-1046"
Chasse Building Team,https://www.thebluebook.com/iProView/1451714/chasse-building-team/subcontractors/locations-contacts/,https://www.thebluebook.com/iProView/1451714/chasse-building-team/subcontractors/,"5115 N. Oracle Rd. Tucson, AZ 85704",+15208334120,http://www.chasse.us/,None Found,Barry Chasse,"Barry Chasse
Founder
View Phone
View Mobile",Leigh Ann Harrison,"Leigh Ann Harrison
Owner
View Phone
View Mobile",N/A,N/A
"Chasse Building Team, Inc.",https://www.thebluebook.com/iProView/17161/chasse-building-team-inc/general-contractors/locations-contacts/,https://www.thebluebook.com/iProView/17161/chasse-building-team-inc/general-contractors/,"230 S. Siesta Ln. Tempe, AZ 85288",+14804257777,http://www.chasse.us/,None Found,Barry Chasse,"Barry Chasse
Owner/President
(480) 425-7777
(480) 425-7780",Jonathan Cheek,"Jonathan Cheek
Manager, Preconstruction
(480) 425-7777
(480) 425-7780",Dani Huval,"Dani Huval
Business Development Manager
(480) 425-7777
(480) 425-7780"
Circumspect Builders,https://www.thebluebook.com/iProView/1633936/circumspect-builders/general-contractors/locations-contacts/,https://www.thebluebook.com/iProView/1633936/circumspect-builders/general-contractors/,"5349 E. Windrose Dr. Scottsdale, AZ 85254",+16028677000,https://circumspectbuilders.com/,N/A,Mark Hanson,"Mark Hanson
Owner
(602) 867-7000",N/A,N/A,N/A,N/A
Clark Contracting Co.,https://www.thebluebook.com/iProView/1111553/clark-contracting-co/general-contractors/locations-contacts/,https://www.thebluebook.com/iProView/1111553/clark-contracting-co/general-contractors/,"22028 N. 35th Dr. Phoenix, AZ 85021",+16026169339,https://www.thebluebook.com/iProView/1111553/clark-contracting-co/general-contractors/locations-contacts/clarkconstruction.com,N/A,Richard Clark,"Richard Clark
(602) 616-9339",N/A,N/A,N/A,N/A
Clark-Wayland Builders,https://www.thebluebook.com/iProView/353326/clark-wayland-builders/general-contractors/locations-contacts/,https://www.thebluebook.com/iProView/353326/clark-wayland-builders/general-contractors/,"3260 North Hayden Road Suite 106 Scottsdale, AZ 85251",+16028401010,http://www.clark-wayland.com/,info@clarkwayland.com,Jere L. Clark,"Jere L. Clark
Principal & Director of Development
(602) 840-1010
(480) 346-9800",Jim Sweet,"Jim Sweet
Principal & President of Construction Operations
(602) 840-1010
(480) 346-9800",Ron Gerasimos,"Ron Gerasimos
Principal & Chief Financial Officer
(602) 840-1010
(480) 346-9800"
"Cobre Building Systems, Inc.",https://www.thebluebook.com/iProView/353497/cobre-building-systems-inc/subcontractors/locations-contacts/,https://www.thebluebook.com/iProView/353497/cobre-building-systems-inc/subcontractors/,"P.O. Box 26587 Tucson, AZ 85726",+15208828010,http://www.cobrebuildingsystems.com/,None Found,Josh Puntenney,"Josh Puntenney
Vice President
View Phone
View Fax",N/A,N/A,N/A,N/A
Cochise Tech,https://www.thebluebook.com/iProView/1111572/cochise-tech/material-suppliers/locations-contacts/,https://www.thebluebook.com/iProView/1111572/cochise-tech/material-suppliers/,"11190 E. Regina Rd. Hereford, AZ 85615",+15203665697,http://www.cochisetech.net/,email@example.com,Jonathan Isaacson,"Jonathan Isaacson
President
View Phone",Howard Courtney,"Howard Courtney
Primary Scheduler / Chief Electrical Estimator / Purchasing Agent
View Phone
View Fax",Josiah Fritzinger,"Josiah Fritzinger
Quality Control Manager
View Phone
View Fax"
Colley Construction,https://www.thebluebook.com/iProView/1111593/colley-construction/general-contractors/locations-contacts/,https://www.thebluebook.com/iProView/1111593/colley-construction/general-contractors/,"4960 S. Gilbert Rd., Ste. 140 Chandler, AZ 85249",+16027221262,http://colleyconstructionaz.com/,None Found,Timothy Colley,"Timothy Colley
Owner
(602) 722-1262
(480) 275-3795",Justin Colley,"Justin Colley
Project Manager
(480) 455-0199",Lindsay Colley,"Lindsay Colley
Network and Marketing Manager
(480) 455-0199"
"Colter Construction, Inc.",https://www.thebluebook.com/iProView/1111601/colter-construction-inc/general-contractors/locations-contacts/,https://www.thebluebook.com/iProView/1111601/colter-construction-inc/general-contractors/,"3920 E. Indian School Rd. Suite 2 Phoenix, AZ 85018",+16028400432,http://colterinc.com/,None Found,Jonathon C Stamatis,"Jonathon C Stamatis
President
(602) 840-0432",N/A,N/A,N/A,N/A
"Colton Constructors, Inc.",https://www.thebluebook.com/iProView/1407926/colton-constructors-inc/general-contractors/locations-contacts/,,"2206 S. Priest Dr. Tempe, AZ 85282",+14809678199,http://www.coltonconstructors.com/,None Found,Gene Plum,"Gene Plum
(480) 967-8199
(480) 967-8671",Robert G. Colton,"Robert G. Colton
(480) 967-8199
(480) 967-8671",N/A,N/A
Commercial Builders Associates LLC,https://www.thebluebook.com/iProView/1410831/commercial-builders-associates-llc/general-contractors/locations-contacts/,https://www.thebluebook.com/iProView/1410831/commercial-builders-associates-llc/general-contractors/,"2633 EAST INDIAN SCHOOL ROAD Ste. 130 Phoenix, AZ 85016",+16022228510,http://www.cbadb.net/,None Found,Cherie D Schreiner,"Cherie D Schreiner
Vice President
(602) 222-8510",Lee B Farris,"Lee B Farris
Managing Member
(602) 253-7009",Michael Westover,"Michael Westover
Vice President/Construction
(602) 222-8510"
Complete Maintenance Pros LLC,https://www.thebluebook.com/iProView/1884704/complete-maintenance-pros-llc/general-contractors/locations-contacts/,https://www.thebluebook.com/iProView/1884704/complete-maintenance-pros-llc/general-contractors/,"1210 W. Alameda Dr. Tempe, AZ 85282",+14804400180,https://cmprosaz.com/,vchacon@cmprosaz.com,N/A,N/A,N/A,N/A,N/A,N/A
Concept Commercial Construction LLC,https://www.thebluebook.com/iProView/263732/concept-commercial-construction-llc/general-contractors/locations-contacts/,https://www.thebluebook.com/iProView/263732/concept-commercial-construction-llc/general-contractors/,"1324 N. Farrell Ct. Ste. 118 Gilbert, AZ 85233",+14806322381,http://www.conceptaz.com/,info@conceptaz.com,Chris Loving,"Chris Loving
President
(480) 632-2381
(480) 813-3763",Matt Kallas,"Matt Kallas
Vice President
(480) 632-2381
(480) 813-3763",N/A,N/A
Concord General Contracting,https://www.thebluebook.com/iProView/360550/concord-general-contracting/general-contractors/locations-contacts/,https://www.thebluebook.com/iProView/360550/concord-general-contracting/general-contractors/,"5828 N. Oracle Rd., Ste. 150 Tucson, AZ 85704",+15203272010,http://www.concordinc.com/,None Found,Dale Marr,"Dale Marr
President /CEO
(480) 962-8080
(480) 962-0707",John Nyman,"John Nyman
President
(520) 327-2010",Kirsten Dallaire,"Kirsten Dallaire
Estimator
(520) 327-2010
(520) 319-1062"
"Concord General Contracting, Inc.",https://www.thebluebook.com/iProView/265735/concord-general-contracting-inc/general-contractors/locations-contacts/,https://www.thebluebook.com/iProView/265735/concord-general-contracting-inc/general-contractors/,"2240 W. Broadway Rd. Ste. 105 Mesa, AZ 85202",+14809628080,http://www.concordinc.com/,None Found,Dale Marr,"Dale Marr
Shareholder
(480) 962-8080
(480) 962-0707",Grenee Martacho,"Grenee Martacho
CEO
(480) 962-8080",Jason Beaver,"Jason Beaver
Chief Operations Officer
(480) 962-8080"
Connor Contracting LLC,https://www.thebluebook.com/iProView/1325176/connor-contracting-llc/subcontractors/locations-contacts/,https://www.thebluebook.com/iProView/1325176/connor-contracting-llc/subcontractors/,"610 E. Williams Field Rd. Gilbert, AZ 85295",+16026897122,https://connorcontracting.com/,None Found,Stacey Connor,"Stacey Connor
Owner
View Phone
View Fax",N/A,N/A,N/A,N/A
"Conquest General, Inc.",https://www.thebluebook.com/iProView/1645993/conquest-general-inc/subcontractors/locations-contacts/,https://www.thebluebook.com/iProView/1645993/conquest-general-inc/subcontractors/,"3961 E. Chandler Blvd. Ste. 111-164 Phoenix, AZ 85048",+14809610181,http://conquestgeneralinc.com/,djoel@conquestgeneralinc.com,Darrell Joel,"Darrell Joel
Owner
(480) 961-0181
(480) 961-0540",N/A,N/A,N/A,N/A
"Conspeco, Inc.",https://www.thebluebook.com/iProView/868430/conspeco-inc/general-contractors/locations-contacts/,https://www.thebluebook.com/iProView/868430/conspeco-inc/general-contractors/,"9299 W. Olive Ave. Suite 512 Peoria, AZ 85345",+16239722101,http://www.conspeco.com/,None Found,Scott Wilt,"Scott Wilt
President
View Phone
View Fax",N/A,N/A,N/A,N/A
Construction Co.,https://www.thebluebook.com/iProView/1749433/construction-co/subcontractors/locations-contacts/,https://www.thebluebook.com/iProView/1749433/construction-co/subcontractors/,"8245 E Bell Rd Unit 240 Scottsdale, AZ 85260",+16022288861,https://trudesignbuild.com/,None Found,Todd Kessel,"Todd Kessel
Prin.
View Phone",N/A,N/A,N/A,N/A
Constructiv,https://www.thebluebook.com/iProView/1890281/constructiv/subcontractors/locations-contacts/,https://www.thebluebook.com/iProView/1890281/constructiv/subcontractors/,"3120 W. Carefree Hwy., Ste. 1761 Phoenix, AZ 85086",+16028092892,https://constructivmc.com/,lswanson@constructivmc.com,Monique Johnson,"Monique Johnson
View Phone",N/A,N/A,N/A,N/A
ContraWest LLC,https://www.thebluebook.com/iProView/1473413/contrawest-llc/general-contractors/locations-contacts/,https://www.thebluebook.com/iProView/1473413/contrawest-llc/general-contractors/,"2210 N. Indian Ruins Rd. Tucson, AZ 85715",+15202965252,https://www.thebluebook.com/iProView/1473413/contrawest-llc/general-contractors/locations-contacts/contrawest.com,N/A,Daren Lowry,"Daren Lowry
(520) 296-5252",N/A,N/A,N/A,N/A
Coombs Constr.,https://www.thebluebook.com/iProView/1620144/coombs-constr/subcontractors/locations-contacts/,https://www.thebluebook.com/iProView/1620144/coombs-constr/subcontractors/,"1212 W. Mesquite St. Chandler, AZ 85224",+16029182315,https://www.facebook.com/ICoombsConstruction/,None Found,Layne Coombs,"Layne Coombs
Owner
View Phone",N/A,N/A,N/A,N/A
Copeland Construction Ventures LLC,https://www.thebluebook.com/iProView/1584831/copeland-construction-ventures-llc/general-contractors/locations-contacts/,https://www.thebluebook.com/iProView/1584831/copeland-construction-ventures-llc/general-contractors/,"208 S. Stratford Ct. Tucson, AZ 85716",+15209034099,http://www.kellycopeland.com/,user@domain.com,Barbara Copeland,"Barbara Copeland
Vice President
(520) 903-4099",Kelly Copeland,"Kelly Copeland
Principal
(520) 903-4099",Frank De La Ossa,"Frank De La Ossa
Project Manager
(520) 903-4099"
Copper Nail Construction LLC,https://www.thebluebook.com/iProView/1111659/copper-nail-construction-llc/general-contractors/locations-contacts/,https://www.thebluebook.com/iProView/1111659/copper-nail-construction-llc/general-contractors/,"14674 W. Hidden Terrace Loop Litchfield Park, AZ 85340",+16027030595,http://copper-nail.com/,info@indiantypefoundry.com,Shane Graser,"Shane Graser
President
(602) 703-0595
(602) 703-0595",N/A,N/A,N/A,N/A
"Copper Valley Development Group, Inc.",https://www.thebluebook.com/iProView/421746/copper-valley-development-group-inc/general-contractors/locations-contacts/,https://www.thebluebook.com/iProView/421746/copper-valley-development-group-inc/general-contractors/,"8711 E. Pinnacle Peak Rd. P.M.B. 254 Scottsdale, AZ 85255",+16023266651,http://www.coppervalleydevelopmentgroup.com/,N/A,Barry Cohen,"Barry Cohen
(602) 326-6651
(480) 452-0975",N/A,N/A,N/A,N/A
Copperstate Glass & Mirror Co.,https://www.thebluebook.com/iProView/1423384/copperstate-glass-mirror-co/general-contractors/locations-contacts/,https://www.thebluebook.com/iProView/1423384/copperstate-glass-mirror-co/general-contractors/,"4300 S. 38th St., Ste. D 130 Phoenix, AZ 85040",+16022751232,https://www.copperstateglassandmirror.com/,baf30a2b91654c5a840931f0137bed30@sentry.wixpress.com,Matthew Simmons,"Matthew Simmons
Estimator
(602) 275-1232
(602) 231-8829",Meriah Voyles,"Meriah Voyles
Project Manager
(602) 275-1232
(602) 231-8829",Ron Simmons,"Ron Simmons
(602) 275-1232
(602) 231-8829"
Coues Ridge Construction LLC,https://www.thebluebook.com/iProView/1767890/coues-ridge-construction-llc/general-contractors/locations-contacts/,https://www.thebluebook.com/iProView/1767890/coues-ridge-construction-llc/general-contractors/,"1821 N. 36th Dr. Show Low, AZ 85901",+19282059005,https://www.thebluebook.com/iProView/1767890/coues-ridge-construction-llc/general-contractors/locations-contacts/couesridgeconstruction.blogspot.com,N/A,Aaron Binnie,"Aaron Binnie
Managing Member
View Phone
View Fax",N/A,N/A,N/A,N/A
"Coyote Creek Construction, Inc.",https://www.thebluebook.com/iProView/1122083/coyote-creek-construction-inc/general-contractors/locations-contacts/,https://www.thebluebook.com/iProView/1122083/coyote-creek-construction-inc/general-contractors/,"4110 E. Woodstock Rd. Cave Creek, AZ 85331",+14804403051,http://www.coyotecreekconst.com/,info@coyotecreekconst.com,Adam Holmes,"Adam Holmes
President
(480) 440-3051",N/A,N/A,N/A,N/A
Crane Construction Co. LLC,https://www.thebluebook.com/iProView/1561931/crane-construction-co-llc/general-contractors/locations-contacts/,https://www.thebluebook.com/iProView/1561931/crane-construction-co-llc/general-contractors/,"9051 W. Kelton Ln. Ste. 10 Peoria, AZ 85382",+16237928777,http://www.craneconstruction.com/,None Found,Andy Block,"Andy Block
President
(847) 291-3400
(847) 291-1691",Jeffrey D Crane,"Jeffrey D Crane
Senior Advisor
(847) 291-3400
(847) 291-1691",Kris Smith,"Kris Smith
Chief Operating Officer
(847) 291-3400
(847) 291-1691"
Creative Renovations LLC,https://www.thebluebook.com/iProView/1327640/creative-renovations-llc/subcontractors/locations-contacts/,https://www.thebluebook.com/iProView/1327640/creative-renovations-llc/subcontractors/,"3219 E. Camelback Rd. Ste. 544 Phoenix, AZ 85018",+16028400159,http://creativerenovationsaz.com/,None Found,Don Schatz,"Don Schatz
Pres.
View Phone
View Fax",Don Schatz,"Don Schatz
Pres.
View Phone
View Fax",N/A,N/A
Creeker Construction,https://www.thebluebook.com/iProView/961612/creeker-construction/general-contractors/locations-contacts/,https://www.thebluebook.com/iProView/961612/creeker-construction/general-contractors/,"4757 E. Greenway Rd. Suite B107-252 Phoenix, AZ 85032",+16029961077,http://creekerconstruction.com/,2062d0a4929b45348643784b5cb39c36@sentry.wixpress.com,David Russell,"David Russell
Owner
(602) 494-9763
(602) 494-7824",Theron Russell,"Theron Russell
President
(602) 494-9763
(602) 494-7824",Theron Russell,"Theron Russell
CEO
(602) 996-1077
(602) 494-7824"
Crest Construction,https://www.thebluebook.com/iProView/1816019/crest-construction/general-contractors/locations-contacts/,https://www.thebluebook.com/iProView/1816019/crest-construction/general-contractors/,"115 E. Plata St. Tucson, AZ 85705",+15203493348,https://crestaz.com/,None Found,Shawn Lee Berna,"Shawn Lee Berna
View Phone",Shawn Berna,"Shawn Berna
View Phone
View Fax",N/A,N/A
Crest Contracting LLC,https://www.thebluebook.com/iProView/1708606/crest-contracting-llc/subcontractors/locations-contacts/,https://www.thebluebook.com/iProView/1708606/crest-contracting-llc/subcontractors/,"115 E Plata St. Tucson, AZ 85705",+15207700000,http://www.tucsonroofing.net/,None Found,Louis Blass,"Louis Blass
Owner
View Phone
View Fax",Thomas Watson,"Thomas Watson
Supply Chain Manager
View Phone
View Mobile",Wayne Anderson,"Wayne Anderson
Sales Manager
View Phone
View Mobile"
Crosspoint Contracting LLC,https://www.thebluebook.com/iProView/1609230/crosspoint-contracting-llc/general-contractors/locations-contacts/,https://www.thebluebook.com/iProView/1609230/crosspoint-contracting-llc/general-contractors/,"11735 W. Patrick Ln. Sun City, AZ 85373",+16026779594,http://crosspointcontracting.com/,None Found,Bryce Zillweger,"Bryce Zillweger
(602) 677-9594",Clifford Zillweger,"Clifford Zillweger
Owner
(602) 677-9594",Mary Zillweger,"Mary Zillweger
Chief Financial Officer
(602) 677-9594"
Crux Construction LLC,https://www.thebluebook.com/iProView/1753914/crux-construction-llc/general-contractors/locations-contacts/,https://www.thebluebook.com/iProView/1753914/crux-construction-llc/general-contractors/,"P.O. Box 10317 Phoenix, AZ 85014",+16023002351,https://www.thebluebook.com/iProView/1753914/crux-construction-llc/general-contractors/locations-contacts/cruxbuild.com,N/A,Courtney Kedzierski,"Courtney Kedzierski
View Phone",N/A,N/A,N/A,N/A
Cruz Residential & Comm. Constr. LLC,https://www.thebluebook.com/iProView/1286797/cruz-residential-comm-constr-llc/general-contractors/locations-contacts/,https://www.thebluebook.com/iProView/1286797/cruz-residential-comm-constr-llc/general-contractors/,"2179 W. 22nd Ln. Yuma, AZ 85364",+19285803891,https://www.cruzrcllc.com/,None Found,Javier Cruz,"Javier Cruz
Owner
(928) 580-3891
(928) 329-9890",N/A,N/A,N/A,N/A
Custom Remodeling LLC,https://www.thebluebook.com/iProView/1889984/custom-remodeling-llc/subcontractors/locations-contacts/,https://www.thebluebook.com/iProView/1889984/custom-remodeling-llc/subcontractors/,"3251 E. Gila Ridge Rd., Ste. D Yuma , AZ 85365",+19282468824,https://www.customremodelingllc.com/,None Found,Christopher Harris Bedell,"Christopher Harris Bedell
Member
View Phone",N/A,N/A,N/A,N/A
Custom Structures LLC,https://www.thebluebook.com/iProView/1869032/custom-structures-llc/subcontractors/locations-contacts/,https://www.thebluebook.com/iProView/1869032/custom-structures-llc/subcontractors/,"2910 N. 30th Ave. Phoenix, AZ 85017",+16024639140,https://customstructuresllc.com/,jeff@customstructuresllc.com,N/A,N/A,N/A,N/A,N/A,N/A
Cwick Commercial Contracting LLC,https://www.thebluebook.com/iProView/1671376/cwick-commercial-contracting-llc/general-contractors/locations-contacts/,https://www.thebluebook.com/iProView/1671376/cwick-commercial-contracting-llc/general-contractors/,"565 W. Chandler Blvd. Suite 216 Chandler, AZ 85225",+14804744322,https://www.thebluebook.com/iProView/1671376/cwick-commercial-contracting-llc/general-contractors/locations-contacts/cwickcontracting.com,N/A,Thomas Lee Cwick,"Thomas Lee Cwick
Founder, President
(480) 474-4322
(480) 292-8370",N/A,N/A,N/A,N/A
D-Square Construction LLC,https://www.thebluebook.com/iProView/1058725/d-square-construction-llc/general-contractors/locations-contacts/,https://www.thebluebook.com/iProView/1058725/d-square-construction-llc/general-contractors/,"530 E. 27th St. Tucson, AZ 85713",+15207489371,https://www.dsquarellc.com/,None Found,Craig Crider,"Craig Crider
Estimating Coordinator & IT Manager
(520) 748-9371
(888) 543-8500",Jason Livingstone,"Jason Livingstone
Estimator Assistant
(520) 748-9371
(888) 543-8500",Mike Reardon,"Mike Reardon
Safety Manager
(520) 748-9371
(888) 543-8500"
D.L. Withers Construction,https://www.thebluebook.com/iProView/1127832/d-l-withers-construction/general-contractors/locations-contacts/,https://www.thebluebook.com/iProView/1127832/d-l-withers-construction/general-contractors/,"147 N. Stone Ave. Tucson, AZ 85701",+15206299500,http://www.dlwithers.com/,info@dlwithers.com,Daniel Withers,"Daniel Withers
Owner
(520) 629-9500
(520) 629-9501",Scott Brotherson,"Scott Brotherson
Vice President
(520) 629-9500
(520) 629-9501",Christopher Horrocks,"Christopher Horrocks
Senior Estimator
(520) 629-9500
(520) 629-9501"
"DBSI, Inc.",https://www.thebluebook.com/iProView/265739/dbsi-inc/general-contractors/locations-contacts/,https://www.thebluebook.com/iProView/265739/dbsi-inc/general-contractors/,"6950 W. Morelos Pl. Chandler, AZ 85226",+16022647263,http://www.dbsi-inc.com/,None Found,Debra Dillon,"Debra Dillon
Principal
(602) 264-7263
(602) 264-5633",Jim Ransco,"Jim Ransco
Principal
(602) 264-7263
(602) 264-5633",John W. Smith,"John W. Smith
Chief Executive Officer
(602) 264-7263
(602) 264-5633"
DCC Construction,https://www.thebluebook.com/iProView/1618792/dcc-construction/general-contractors/locations-contacts/,https://www.thebluebook.com/iProView/1618792/dcc-construction/general-contractors/,"16055 N. Dial Blvd. Ste. 16 Scottsdale, AZ 85260",+14808085764,http://www.dccbuild.com/,None Found,Cody Campbell,"Cody Campbell
President
(480) 231-4119",Ron Buchholz,"Ron Buchholz
Project Manager
(480) 808-5764",N/A,N/A
"DG Fenn Construction, Inc.",https://www.thebluebook.com/iProView/267602/dg-fenn-construction-inc/general-contractors/locations-contacts/,https://www.thebluebook.com/iProView/267602/dg-fenn-construction-inc/general-contractors/,"350 E. Bell Rd., Ste. J206 Phoenix, AZ 85022-6311",+16029444800,http://www.dgfenn.com/,None Found,Daniel Fenn,"Daniel Fenn
Vice President
(602) 944-4800
(602) 944-2323",Danita Fenn,"Danita Fenn
Owner / Vice President
(602) 944-4800
(602) 377-7615
(602) 944-2323",Terri Rosko,"Terri Rosko
Chief Financial Officer
(602) 944-4800
(602) 944-2323"
DLJ Management Services LLC,https://www.thebluebook.com/iProView/1842433/dlj-management-services-llc/subcontractors/locations-contacts/,https://www.thebluebook.com/iProView/1842433/dlj-management-services-llc/subcontractors/,"2942 N. 24th St., Ste. 114 Phoenix, AZ 85016",+14802365883,https://dljms.com/,N/A,N/A,N/A,N/A,N/A,N/A,N/A
DMC Builders LLC,https://www.thebluebook.com/iProView/1235999/dmc-builders-llc/general-contractors/locations-contacts/,https://www.thebluebook.com/iProView/1235999/dmc-builders-llc/general-contractors/,"8350 E. Evans Rd., Ste. A6 Scottsdale, AZ 85260",+14804833376,http://www.dmcbuilders.com/,None Found,David McBride,"David McBride
President/Owner
(480) 483-3376
(480) 483-3380",Jason Smith,"Jason Smith
Project Manager
(480) 483-3376",Larry Rutherford,"Larry Rutherford
Project Manager
(480) 483-3376"
DNG Construction LLC,https://www.thebluebook.com/iProView/1241258/dng-construction-llc/general-contractors/locations-contacts/,https://www.thebluebook.com/iProView/1241258/dng-construction-llc/general-contractors/,"3933 E. La Salle St. Phoenix, AZ 85040-3943",+14803619137,http://dngllc.com/,None Found,David Gray,"David Gray
President
(480) 361-9137
(480) 361-8353",Dominic Demark,"Dominic Demark
Vice President & Chief Financial Officer
(480) 361-9137
(480) 361-8353",N/A,N/A
DNR Construction LLC,https://www.thebluebook.com/iProView/1855519/dnr-construction-llc/general-contractors/locations-contacts/,https://www.thebluebook.com/iProView/1855519/dnr-construction-llc/general-contractors/,"2415 E. Camelback Rd., Ste. 700 Phoenix, AZ 85016",+14809609291,https://www.facebook.com/dnrconstructionaz/,None Found,Daniel Navarro Ruiz,"Daniel Navarro Ruiz
Owner
View Phone",N/A,N/A,N/A,N/A
DPR Construction,https://www.thebluebook.com/iProView/1663545/dpr-construction/general-contractors/locations-contacts/,https://www.thebluebook.com/iProView/1663545/dpr-construction/general-contractors/,"3100 N. Campbell Ave. Ste. 102 Tucson, AZ 85719",+15205916801,https://www.dpr.com/,info@dpr.com,David Landis,"David Landis
Pre-construction
(520) 355-8247
(520) 591-6801",Gretchen Kinsella,"Gretchen Kinsella
Arizona Business Unit Leader
(520) 591-6801
(520) 355-8247",Matthew Thrower,"Matthew Thrower
Project Executive
(520) 591-6801
(520) 355-8247"
DRC State of the Art LLC,https://www.thebluebook.com/iProView/1668559/drc-state-of-the-art-llc/general-contractors/locations-contacts/,https://www.thebluebook.com/iProView/1668559/drc-state-of-the-art-llc/general-contractors/,"3210 E. Mescal St. Phoenix, AZ 850328",+14806781033,https://drcstateoftheart.com/,amkryukov@gmail.com,Unknown User,"Unknown User
(480) 678-1033
(480) 770-6298
(480) 478-0598",N/A,N/A,N/A,N/A
DW Lusk Contracting LLC,https://www.thebluebook.com/iProView/1443581/dw-lusk-contracting-llc/general-contractors/locations-contacts/,https://www.thebluebook.com/iProView/1443581/dw-lusk-contracting-llc/general-contractors/,"1230 W. Rutledge Dr. Snowflake, AZ 85937",+19285211632,http://dwlusk.com/,None Found,Don Lusk Sr,"Don Lusk Sr
Managing Member / Director of Operations
(928) 536-7508
(928) 536-5455",Casey Lusk,"Casey Lusk
Project Manager
(928) 536-7508
(928) 536-5455",Don Lusk Junior,"Don Lusk Junior
General Manager
(928) 536-7508
(928) 536-5455"
DWD Construction,https://www.thebluebook.com/iProView/1620151/dwd-construction/general-contractors/locations-contacts/,https://www.thebluebook.com/iProView/1620151/dwd-construction/general-contractors/,"13461 S. Ave. B Yuma, AZ 85365",+19283443034,https://www.facebook.com/dwdconstruction1/,None Found,David Darnel,"David Darnel
Owner
(928) 344-3034
(800) 445-1914",N/A,N/A,N/A,N/A
"Dalton Designs, Inc.",https://www.thebluebook.com/iProView/961832/dalton-designs-inc/vendor-services/locations-contacts/,https://www.thebluebook.com/iProView/961832/dalton-designs-inc/vendor-services/,"1308 E. Commodore Pl. Tempe, AZ 85283",+14808398131,http://www.daltondesigns.com/,daltondesigns@cox.net,Larry J. Dalton,"Larry J. Dalton
Owner
View Phone",N/A,N/A,N/A,N/A
"Damitio Construction, Inc.",https://www.thebluebook.com/iProView/973840/damitio-construction-inc/general-contractors/locations-contacts/,https://www.thebluebook.com/iProView/973840/damitio-construction-inc/general-contractors/,"2760 N. Stone Ave. Tucson, AZ 85705",+15203252130,http://actioncommunications.com/,None Found,Dave Damitio,"Dave Damitio
President
(520) 325-2130
(520) 325-2174",John Damitio,"John Damitio
Vice President
(520) 325-2130
(520) 325-2174",Matt Patt,"Matt Patt
Superintendant
(520) 325-2130
(520) 325-2174"
"Daniel Enterprises, Inc.",https://www.thebluebook.com/iProView/1414362/daniel-enterprises-inc/general-contractors/locations-contacts/,https://www.thebluebook.com/iProView/1414362/daniel-enterprises-inc/general-contractors/,"1707 E. Weber Dr., Ste. 10 Tempe, AZ 85281",+14809670000,http://danielenterprises.com/,info@danielenterprises.com,Dan Pau Greguska,"Dan Pau Greguska
Owner and President
(480) 967-0000
(480) 302-8460",Kenton Hawkes,"Kenton Hawkes
Sr Vice President
(480) 967-0000
(480) 302-8460",N/A,N/A
Danson Construction LLC,https://www.thebluebook.com/iProView/1831055/danson-construction-llc/general-contractors/locations-contacts/,https://www.thebluebook.com/iProView/1831055/danson-construction-llc/general-contractors/,"116 N. Montezuma St. Prescott, AZ 86301",+19288990594,http://www.dansonbldg.com/,None Found,Dan Fontana,"Dan Fontana
Pres.
View Phone",N/A,N/A,N/A,N/A
Danu Construction LLC,https://www.thebluebook.com/iProView/1392770/danu-construction-llc/general-contractors/locations-contacts/,https://www.thebluebook.com/iProView/1392770/danu-construction-llc/general-contractors/,"12188 N. 98th St. Scottsdale, AZ 85260",+14806649939,http://danuconstruction.com/,None Found,N/A,N/A,N/A,N/A,N/A,N/A
DeCarol Co.,https://www.thebluebook.com/iProView/1471714/decarol-co/subcontractors/locations-contacts/,https://www.thebluebook.com/iProView/1471714/decarol-co/subcontractors/,"P.O. Box 11348 Prescott, AZ 86304",+19285417912,http://www.decarolcompany.com/,None Found,Chuck Merritt,"Chuck Merritt
Owner
View Phone
View Fax",Cassie Merritt,"Cassie Merritt
Office Manager
View Phone
View Fax",Curt Merritt,"Curt Merritt
Concrete Foreman & Equipment Operator
View Phone
View Fax"
"Decca Builders, Inc.",https://www.thebluebook.com/iProView/928723/decca-builders-inc/general-contractors/locations-contacts/,https://www.thebluebook.com/iProView/928723/decca-builders-inc/general-contractors/,"16050 N. 76th St. Suite 101 Scottsdale, AZ 85260",+14806093066,http://www.deccabuilders.com/,info@deccabuilders.com,Darryl L. Wareing,"Darryl L. Wareing
Founder
(480) 609-3066",John A. Wareing,"John A. Wareing
Vice President
(480) 609-3066",Kristen M. Zeno,"Kristen M. Zeno
Chief Financial Officer
(480) 609-3066"
Dehorty Contracting & Mgmt. Services,https://www.thebluebook.com/iProView/879357/dehorty-contracting-mgmt-services/general-contractors/locations-contacts/,https://www.thebluebook.com/iProView/879357/dehorty-contracting-mgmt-services/general-contractors/,"8715 N. 78th Ave. Peoria, AZ 85345",+16022724977,http://www.dehortycontracting.com/,None Found,Dedra England,"Dedra England
Office Manager
(602) 272-4977
(602) 272-4980",Edward Dehorty,"Edward Dehorty
Sr. Project Manager and Equipment and Material Manager
(602) 272-4977
(602) 272-4980",Jesse Dehorty,"Jesse Dehorty
Operations Manager
(602) 272-4977
(602) 272-4980"
"Del Bac Building Contractors, Inc.",https://www.thebluebook.com/iProView/854843/del-bac-building-contractors-inc/general-contractors/locations-contacts/,https://www.thebluebook.com/iProView/854843/del-bac-building-contractors-inc/general-contractors/,"1006 N. Grande Ave. Tucson, AZ 85745",+15206244915,http://www.delbac.us/,info@delbac.us,Jesus Briones,"Jesus Briones
Pres.
(520) 624-4915
(520) 624-1813",N/A,N/A,N/A,N/A
Delmastro Building Contractors LLC,https://www.thebluebook.com/iProView/353396/delmastro-building-contractors-llc/general-contractors/locations-contacts/,https://www.thebluebook.com/iProView/353396/delmastro-building-contractors-llc/general-contractors/,"7010 E. Acoma Dr., Ste.103 Scottsdale, AZ 85254-3550",+14804819699,https://delmastrobuilding.com/,None Found,Jeffrey Eells,"Jeffrey Eells
Partner
(480) 481-9699
(480) 425-8624",Robert Delmastro,"Robert Delmastro
Founder/ Construction Operations
(480) 481-9699
(480) 425-8624",Julia Rosenkrantz,"Julia Rosenkrantz
Business Manager
(480) 481-9699
(480) 425-8624"
Delta Construction Co.,https://www.thebluebook.com/iProView/1355670/delta-construction-co/general-contractors/locations-contacts/,https://www.thebluebook.com/iProView/1355670/delta-construction-co/general-contractors/,"3420 E. Shea Blvd. Ste. 145 Phoenix, AZ 85028",+14806295271,http://deltaconstructionaz.com/,info@deltaconstructionaz.com,Anne Jones,"Anne Jones
Principal, Accounting & Contracting
(480) 629-5271
(602) 332-2053",Brad Jones,"Brad Jones
Principal, Construction & Field Operations
(602) 332-2053
(480) 629-5271",Dustin Halliburton,"Dustin Halliburton
Project Manager / Estimator
(928) 814-9996
(480) 629-5271"
"Delta X Contracting, Inc.",https://www.thebluebook.com/iProView/1557828/delta-x-contracting-inc/general-contractors/locations-contacts/,https://www.thebluebook.com/iProView/1557828/delta-x-contracting-inc/general-contractors/,"2087 E. Appleby Rd. Gilbert, AZ 85298",+14805033623,https://www.deltamarin.com/,info@deltamarin.com,Jari Nurmi,"Jari Nurmi
Director,Administration
3(582) 433-6327",Johan Rehn,"Johan Rehn
CIO
35(850) 550-3168",Vladimir Bosnjak,"Vladimir Bosnjak
President
(480) 503-3623"
Denovo Construction,https://www.thebluebook.com/iProView/1853065/denovo-construction/general-contractors/locations-contacts/,https://www.thebluebook.com/iProView/1853065/denovo-construction/general-contractors/,"8325 W. Happy Valley Rd. Unit 220 Peoria, AZ 85383",+16237384403,https://www.denovoconstruction.com/,contact@denovoconstruction.com,Wayne Johnson,"Wayne Johnson
View Phone",N/A,N/A,N/A,N/A
Derek Builders,https://www.thebluebook.com/iProView/1691737/derek-builders/general-contractors/locations-contacts/,https://www.thebluebook.com/iProView/1691737/derek-builders/general-contractors/,"22601 N. 17th Ave., Suite 150 Phoenix, AZ 85027",+16232486638,https://www.derekengineeringaz.com/,N/A,Jeff Bateman,"Jeff Bateman
President
(623) 248-6638
(623) 221-9025",Steve Bellew,"Steve Bellew
Chief Estimator/Pre-Construction
(623) 221-9025
(623) 248-6638",Anna Madrid,"Anna Madrid
Controller/Business Manager
(623) 248-6638
(623) 221-9025"
Desert Development & Design Corp.,https://www.thebluebook.com/iProView/1111825/desert-development-design-corp/general-contractors/locations-contacts/,https://www.thebluebook.com/iProView/1111825/desert-development-design-corp/general-contractors/,"1450 Builders Way Prescott, AZ 86301",+19287770022,http://www.desertdevelopmentaz.com/,webmaster@desertdevelopmentaz.com,Tim Henrickson,"Tim Henrickson
Founder
(928) 777-0022
(928) 777-0028",N/A,N/A,N/A,N/A
Desert Earth & Wood LLC,https://www.thebluebook.com/iProView/405391/desert-earth-wood-llc/subcontractors/locations-contacts/,https://www.thebluebook.com/iProView/405391/desert-earth-wood-llc/subcontractors/,"421 N. 5th Ave. Ste. 107 Tucson, AZ 85705",+15206245602,http://www.desertearthandwood.com/,None Found,Timothy Barrett,"Timothy Barrett
Chief Executive officer
View Phone
View Fax",Jain Barrett,"Jain Barrett
Senior Designer and Project Manager
View Phone",Kent Griese,"Kent Griese
Foreman and Superintendent
View Phone"
Desert Metropolitan,https://www.thebluebook.com/iProView/353386/desert-metropolitan/general-contractors/locations-contacts/,https://www.thebluebook.com/iProView/353386/desert-metropolitan/general-contractors/,"4139 N. 68th St. Scottsdale, AZ 85251",+14804442517,http://www.mezcorp.com/,desertmetropolitan@gmail.com,Mark Zimmerman,"Mark Zimmerman
President/Owner
(480) 444-2517
(480) 444-2517",N/A,N/A,N/A,N/A
"Desert Paradise Construction, LLC",https://www.thebluebook.com/iProView/1267225/desert-paradise-construction-llc/general-contractors/locations-contacts/,https://www.thebluebook.com/iProView/1267225/desert-paradise-construction-llc/general-contractors/,"4757 E. Greenway Rd., Ste. 107B-35 Phoenix, AZ 85032",+14802145949,http://www.desertparadiseconstruction.com/,None Found,Len Sheptock,"Len Sheptock
Owner
(480) 214-5949
(480) 427-2695",N/A,N/A,N/A,N/A
Desert Services International,https://www.thebluebook.com/iProView/1819570/desert-services-international/subcontractors/locations-contacts/,https://www.thebluebook.com/iProView/1819570/desert-services-international/subcontractors/,"18115 W. Van Buren St. Po Box 6270 Goodyear, AZ 85338",+16239074199,https://www.desertservices.com/,None Found,Ann John,"Ann John
View Phone
View Fax",Unknown User,"Unknown User
View Phone
View Fax",N/A,N/A
Desert Sky Development,https://www.thebluebook.com/iProView/1161274/desert-sky-development/general-contractors/locations-contacts/,https://www.thebluebook.com/iProView/1161274/desert-sky-development/general-contractors/,"P.O. Box 25086 Scottsdale, AZ 85255",+16023393695,http://www.desertskydevelopment.com/,mfrat@desertskydevelopment.com,Mike Frat,"Mike Frat
View Phone
View Fax",Unknown User,"Unknown User
View Phone
View Fax",N/A,N/A
"Desert Star Construction, Inc.",https://www.thebluebook.com/iProView/1419854/desert-star-construction-inc/general-contractors/locations-contacts/,https://www.thebluebook.com/iProView/1419854/desert-star-construction-inc/general-contractors/,"8144 E. Cactus Rd. Ste. 840 Scottsdale, AZ 85260",+14809514425,http://www.desertstarconstruction.com/,None Found,Jerry Meek,"Jerry Meek
President
(480) 951-4425",Carol Meek,"Carol Meek
Office Administrator
(480) 951-4425",Jeremy Meek,"Jeremy Meek
Sustainability Program Manager
(480) 951-4425"
Desert Steel LLC,https://www.thebluebook.com/iProView/1010687/desert-steel-llc/general-contractors/locations-contacts/,https://www.thebluebook.com/iProView/1010687/desert-steel-llc/general-contractors/,"P.O. Box 9370 Phoenix, AZ 85020",+16026924289,https://desertsteel.net/,info@stagheaddesigns.com,John Schnee,"John Schnee
Owner
(602) 692-4289",N/A,N/A,N/A,N/A
Desert Viking Dev.,https://www.thebluebook.com/iProView/353374/desert-viking-dev/general-contractors/locations-contacts/,https://www.thebluebook.com/iProView/353374/desert-viking-dev/general-contractors/,"3260 N. Hayden Rd. Ste. 201 Scottsdale, AZ 85251",+14809994935,http://www.desertvikingcompanies.com/,user@domain.com,Michael Hogarty,"Michael Hogarty
Manager
(480) 999-4935
(480) 659-3842",Niels Kreipke,"Niels Kreipke
Owner/Founder
(480) 999-4935
(480) 659-3842",N/A,N/A
Desert West Builders,https://www.thebluebook.com/iProView/1437917/desert-west-builders/general-contractors/locations-contacts/,https://www.thebluebook.com/iProView/1437917/desert-west-builders/general-contractors/,"5025 S. Ash Ave., Ste. 105 Tempe, AZ 85282",+14808946488,http://desertwestbuilders.com/,None Found,Scott Johnson,"Scott Johnson
Owner
(480) 894-6488
(480) 894-6574",N/A,N/A,N/A,N/A
"Designer's Choice Custom Homes, Inc.",https://www.thebluebook.com/iProView/353457/designer-s-choice-custom-homes-inc/general-contractors/locations-contacts/,https://www.thebluebook.com/iProView/353457/designer-s-choice-custom-homes-inc/general-contractors/,"19527 W. Ramos Ln. Buckeye, AZ 85326",+16022914065,http://www.dcchi.com/,None Found,Alex Carroll,"Alex Carroll
President
(623) 386-2884
(602) 291-4065
(623) 386-6393",N/A,N/A,N/A,N/A
"Diamond G Contracting, Inc.",https://www.thebluebook.com/iProView/1890403/diamond-g-contracting-inc/subcontractors/locations-contacts/,https://www.thebluebook.com/iProView/1890403/diamond-g-contracting-inc/subcontractors/,"340 W. Wickenburg Way Ste. A34 Wickenburg, AZ 85390",+17756225929,https://www.diamondgcontracting.com/,None Found,Brayden Grashuis,"Brayden Grashuis
View Phone",Unknown User,"Unknown User
View Phone",N/A,N/A
Diamond Sky Constr.,https://www.thebluebook.com/iProView/353527/diamond-sky-constr/general-contractors/locations-contacts/,https://www.thebluebook.com/iProView/353527/diamond-sky-constr/general-contractors/,"6050 State Rt. 179 Ste. 1 Sedona, AZ 86351",+19282844208,http://www.diamondskyconstruction.com/,None Found,Mark Hartman,"Mark Hartman
Owner
(928) 284-4208",N/A,N/A,N/A,N/A
Diversity Construction LLC,https://www.thebluebook.com/iProView/1881234/diversity-construction-llc/subcontractors/locations-contacts/,https://www.thebluebook.com/iProView/1881234/diversity-construction-llc/subcontractors/,"729 N. Almar Mesa, AZ 85213",+14807936048,https://www.thebluebook.com/iProView/1881234/diversity-construction-llc/subcontractors/locations-contacts/diversityconstructionllc.com,N/A,Luke Velasco,"Luke Velasco
VP
View Phone",N/A,N/A,N/A,N/A
Dividend Homes & Construction LLC,https://www.thebluebook.com/iProView/1389081/dividend-homes-construction-llc/general-contractors/locations-contacts/,https://www.thebluebook.com/iProView/1389081/dividend-homes-construction-llc/general-contractors/,"P.O. Box 2232 Sierra Vista, AZ 85636",+15202204279,http://www.dividendhomes.net/,N/A,Gee Segal,"Gee Segal
(520) 220-4279
(520) 458-9192",N/A,N/A,N/A,N/A
"Division II Construction Co., Inc.",https://www.thebluebook.com/iProView/1451924/division-ii-construction-co-inc/general-contractors/locations-contacts/,https://www.thebluebook.com/iProView/1451924/division-ii-construction-co-inc/general-contractors/,"1230 N. Anita Ave. Tucson, AZ 85705",+15206281663,http://www.divisionii.com/,None Found,Debi McCarthy,"Debi McCarthy
Vice President , CAO , CFO , Senior Project Manager
(520) 628-1663
(520) 798-1233",Eric Jacobson,"Eric Jacobson
Vice President of Operations
(520) 628-1663",N/A,N/A
Doege Development LLC,https://www.thebluebook.com/iProView/1492193/doege-development-llc/general-contractors/locations-contacts/,https://www.thebluebook.com/iProView/1492193/doege-development-llc/general-contractors/,"11217 N. 23rd Ave. Phoenix, AZ 85029",+16232425247,http://www.doegedevelopment.com/,jenniferd@doegedevelopment.com,Alex Victor,"Alex Victor
Chief Executive Officer
(623) 242-5247
(623) 322-8342",David Doege,"David Doege
Business Owner
(623) 242-5247
(623) 322-8342",John Doe,"John Doe
Chief Executive Officer & Co Founder
(623) 242-5247
(623) 322-8342"
Donahue Construction Corp.,https://www.thebluebook.com/iProView/1184131/donahue-construction-corp/general-contractors/locations-contacts/,https://www.thebluebook.com/iProView/1184131/donahue-construction-corp/general-contractors/,"9063 N. 114th Pl. Scottsdale, AZ 85259",+14805888363,http://www.donahueconstruction.com/,None Found,Joseph Donahue,"Joseph Donahue
President
(480) 588-8363
(480) 393-8363",N/A,N/A,N/A,N/A
Dorn Homes,https://www.thebluebook.com/iProView/353465/dorn-homes/general-contractors/locations-contacts/,https://www.thebluebook.com/iProView/353465/dorn-homes/general-contractors/,"3950 S. Camino Del Heroe Green Valley, AZ 85614",+15206483758,http://www.dornhomes.com/,N/A,David Grounds,"David Grounds
President and Chief Executive Officer
(520) 648-3758
(520) 625-0349",James Smith,"James Smith
Director of Customer Care
(520) 648-3758",N/A,N/A
Double AA Builders Ltd.,https://www.thebluebook.com/iProView/291746/double-aa-builders-ltd/general-contractors/locations-contacts/,https://www.thebluebook.com/iProView/291746/double-aa-builders-ltd/general-contractors/,"6040 E. Thomas Rd. Scottsdale, AZ 85251",+14809940400,http://www.doubleaabuilders.com/,info@doubleaabuilders.com,David G. Pena,"David G. Pena
Vice President
(480) 994-0400
(480) 994-3994",Geoffrey E. Schwan,"Geoffrey E. Schwan
President
(480) 994-0400
(480) 994-3994",David Malia,"David Malia
Estimator
(480) 994-0400
(480) 994-3994"
"Double AA Builders, Ltd.",https://www.thebluebook.com/iProView/1819614/double-aa-builders-ltd/subcontractors/locations-contacts/,https://www.thebluebook.com/iProView/1819614/double-aa-builders-ltd/subcontractors/,"6040 E. Thomas Rd. Scottsdale , AZ 85251",+16027575513,http://www.doubleaabuilders.com/,info@doubleaabuilders.com,Dave Pena,"Dave Pena
V.P.
View Phone",N/A,N/A,N/A,N/A
Double Js Installations,https://www.thebluebook.com/iProView/1562718/double-js-installations/general-contractors/locations-contacts/,https://www.thebluebook.com/iProView/1562718/double-js-installations/general-contractors/,"2626 N. Steves Blvd. Flagstaff, AZ 86004",+19285254892,http://www.ethicalaz.com/doublejsinstallation/,None Found,Jeremy Wilson,"Jeremy Wilson
Owner
(928) 525-4892",N/A,N/A,N/A,N/A
Drexler Cos.,https://www.thebluebook.com/iProView/959164/drexler-cos/general-contractors/locations-contacts/,https://www.thebluebook.com/iProView/959164/drexler-cos/general-contractors/,"3030 S. 7th St. Phoenix, AZ 85040",+16022762399,http://drexlercos.com/,None Found,Jim Wilson,"Jim Wilson
President
(602) 276-2399
(602) 304-4174
(602) 304-2644",Andrea Tucker,"Andrea Tucker
Office and Project Administration
(602) 304-4174
(602) 304-2644",Sal Rullo,"Sal Rullo
General Field Superintendent
(602) 304-4174
(602) 304-2644"
"DriRite-CMG3, Inc.",https://www.thebluebook.com/iProView/1111188/dririte-cmg3-inc/general-contractors/locations-contacts/,https://www.thebluebook.com/iProView/1111188/dririte-cmg3-inc/general-contractors/,"2209 W. Melinda Ln. Ste. A Phoenix, AZ 85027",+16028662643,http://www.dririte-cmg3.com/,None Found,Michael Boulanger,"Michael Boulanger
Manager
(602) 866-2643",N/A,N/A,N/A,N/A
"Durazo Construction, Inc.",https://www.thebluebook.com/iProView/360200/durazo-construction-inc/general-contractors/locations-contacts/,https://www.thebluebook.com/iProView/360200/durazo-construction-inc/general-contractors/,"934 S. 6th Ave. Tucson, AZ 85701",+15206231077,http://www.durazo.build/,None Found,JR Durazo,"JR Durazo
President
(520) 623-1077
(520) 798-3428",Mario Durazo,"Mario Durazo
Founder
(520) 623-1077",Adrienne Ponce,"Adrienne Ponce
Office Manager
(520) 623-1077"
"Durham Construction, Inc.",https://www.thebluebook.com/iProView/1635466/durham-construction-inc/general-contractors/locations-contacts/,https://www.thebluebook.com/iProView/1635466/durham-construction-inc/general-contractors/,"3212 Parker Dam Rd. Parker, AZ 85344",+19286672530,https://durhamconstruction.com/,info@durhamconstruction.com,Mark Durham,"Mark Durham
President
(928) 667-2530
(928) 667-2688",N/A,N/A,N/A,N/A
Dynamic Construction,https://www.thebluebook.com/iProView/1600062/dynamic-construction/engineers/locations-contacts/,https://www.thebluebook.com/iProView/1600062/dynamic-construction/engineers/,"4230 S. 36th Pl. Phoenix, AZ 85040",+18885106051,http://www.dynamiccx.com/,None Found,Tony Soto,"Tony Soto
View Phone
View Fax",N/A,N/A,N/A,N/A
E3 Construction,https://www.thebluebook.com/iProView/1876177/e3-construction/general-contractors/locations-contacts/,https://www.thebluebook.com/iProView/1876177/e3-construction/general-contractors/,"1001 N. Central Ave., Ste. 202 Phoenix, AZ 85004",+16023431720,https://www.thebluebook.com/iProView/1876177/e3-construction/general-contractors/locations-contacts/e3built.com,N/A,N/A,N/A,N/A,N/A,N/A,N/A
E3 Construction Services LLC,https://www.thebluebook.com/iProView/1111967/e3-construction-services-llc/general-contractors/locations-contacts/,https://www.thebluebook.com/iProView/1111967/e3-construction-services-llc/general-contractors/,"21525 W. Narramore Rd. Buckeye, AZ 85326",+16029993363,http://www.e3construction.net/,None Found,Timothy Emery,"Timothy Emery
Owner
(602) 999-3363
(623) 937-1196",N/A,N/A,N/A,N/A
EC Source,https://www.thebluebook.com/iProView/1025836/ec-source/general-contractors/locations-contacts/,https://www.thebluebook.com/iProView/1025836/ec-source/general-contractors/,"6644 E. Thomas Rd. Ste. 103 Mesa, AZ 85215",+14802457200,http://www.ecsourceservices.com/,None Found,Brian E Bratton,"Brian E Bratton
President
(480) 245-7200
(480) 830-8137",Craig Jackson,"Craig Jackson
Chief Financial Officer
(480) 245-7200
(480) 830-8137",Jason Combs,"Jason Combs
(480) 245-7200
(480) 830-8137"
EMJ Construction,https://www.thebluebook.com/iProView/1884064/emj-construction/general-contractors/locations-contacts/,https://www.thebluebook.com/iProView/1884064/emj-construction/general-contractors/,"1661 Camelback Rd., Ste. 206 PHOENIX, AZ 85016",+14804007303,https://www.emjcorp.com/,None Found,Brian Oxford,"Brian Oxford
View Phone",N/A,N/A,N/A,N/A
EPCOR Water USA,https://www.thebluebook.com/iProView/1169458/epcor-water-usa/general-contractors/locations-contacts/,https://www.thebluebook.com/iProView/1169458/epcor-water-usa/general-contractors/,"2355 W. Pinnacle Peak Rd. Ste. 300 Phoenix, AZ 85027",+16234452400,http://www.epcor.com/,None Found,Frank Mannarino,"Frank Mannarino
Senior Vice President, Corporate Services
(623) 445-2400
(623) 445-2454",Jennifer Addison,"Jennifer Addison
Senior Vice President, Sustainability, General Counsel & Corporate Secretary
(623) 445-2400
(623) 445-2454",Joe Gysel,"Joe Gysel
President
(623) 445-2400
(623) 445-2454"
ESS Corp.,https://www.thebluebook.com/iProView/1111983/ess-corp/general-contractors/locations-contacts/,https://www.thebluebook.com/iProView/1111983/ess-corp/general-contractors/,"P.O. Box 686 Gilbert, AZ 85299",+16023976189,http://www.essic.com/,None Found,Ed Zaletel,"Ed Zaletel
Chief Executive Officer
(602) 397-6189
(480) 926-1002",N/A,N/A,N/A,N/A
ET Venture Group,https://www.thebluebook.com/iProView/1336694/et-venture-group/general-contractors/locations-contacts/,https://www.thebluebook.com/iProView/1336694/et-venture-group/general-contractors/,"P.O. Box 70 Young, AZ 85554",+19284623605,http://www.etventuregroup.com/,N/A,Eric Alexander,"Eric Alexander
(928) 462-3605
(480) 503-1908",Eric Alexander,"Eric Alexander
(480) 503-1900
(480) 503-1908",Jeff Lindblom,"Jeff Lindblom
Realtor
(602) 684-5176"
ETC Building & Design,https://www.thebluebook.com/iProView/1828080/etc-building-design/general-contractors/locations-contacts/,https://www.thebluebook.com/iProView/1828080/etc-building-design/general-contractors/,"9375 E. Shea Blvd. Ste. 100 Scottsdale, AZ 85260",+18585541150,https://www.etcusa.net/,None Found,Matt Gantner,"Matt Gantner
View Phone",N/A,N/A,N/A,N/A
"Eagle Valley Construction, Inc.",https://www.thebluebook.com/iProView/1048659/eagle-valley-construction-inc/subcontractors/locations-contacts/,https://www.thebluebook.com/iProView/1048659/eagle-valley-construction-inc/subcontractors/,"19114 E. Cloud Rd. Queen Creek, AZ 85142",+14802795640,https://www.eaglevalley.com/,605a7baede844d278b89dc95ae0a9123@sentry-next.wixpress.com,Maurice Dieu,"Maurice Dieu
Owner
View Phone
View Fax",Maurice Dieu,"Maurice Dieu
Owner
View Phone
View Fax",N/A,N/A
Earth Builders Construction LLC,https://www.thebluebook.com/iProView/1029846/earth-builders-construction-llc/general-contractors/locations-contacts/,https://www.thebluebook.com/iProView/1029846/earth-builders-construction-llc/general-contractors/,"1163 W. Frontage Rd, P.O. Box 4574 Rio Rico, AZ 85648",+15202818079,http://earthbuilderconstruction.us/,astigma@astigmatic.com,Manny Giron,"Manny Giron
Contractor/Owner
(520) 281-8079
(520) 281-1249",Manny Giron,"Manny Giron
Contractor/Owner
(520) 313-6848
(520) 281-1249",N/A,N/A
Earth Resources Corp.,https://www.thebluebook.com/iProView/1135897/earth-resources-corp/general-contractors/locations-contacts/,https://www.thebluebook.com/iProView/1135897/earth-resources-corp/general-contractors/,"P.O. Box 1420 Dewey, AZ 86327",+19287752795,http://www.ercarizona.com/,info@ercarizona.com,Wilson W. Orr,"Wilson W. Orr
Co-Owner/Vice President
(928) 775-2795
(928) 268-3487",Wyatt W. Orr,"Wyatt W. Orr
Co-Owner /President/CEO
(928) 775-2795
(928) 268-3487",Prescott Imes,"Prescott Imes
Project Manager
(928) 775-2795
(928) 268-3487"
East Coast Contractors LLC,https://www.thebluebook.com/iProView/1831649/east-coast-contractors-llc/general-contractors/locations-contacts/,https://www.thebluebook.com/iProView/1831649/east-coast-contractors-llc/general-contractors/,"610 South Pk. Tucson, AZ 85719",+15209554289,http://www.eccaz.com/,None Found,Joanne Javier,"Joanne Javier
Owner
View Phone
View Fax",N/A,N/A,N/A,N/A
Echo 5 Contracting,https://www.thebluebook.com/iProView/1860327/echo-5-contracting/subcontractors/locations-contacts/,https://www.thebluebook.com/iProView/1860327/echo-5-contracting/subcontractors/,"14913 N. 126th Ave. El Mirage, AZ 85335",+16028094969,https://www.thebluebook.com/iProView/1860327/echo-5-contracting/subcontractors/locations-contacts/echo5contracting.com,N/A,Zachary Speck,"Zachary Speck
View Phone",N/A,N/A,N/A,N/A
Eckard Commercial Construction,https://www.thebluebook.com/iProView/1177800/eckard-commercial-construction/general-contractors/locations-contacts/,https://www.thebluebook.com/iProView/1177800/eckard-commercial-construction/general-contractors/,"3967 E. 41st Pl. Yuma, AZ 85365",+19283170339,http://eccyuma.com/,info@email.com,Aerika Leeds,"Aerika Leeds
Administrator
(928) 317-0339
(928) 317-2840",Stacy Greene,"Stacy Greene
Vice President
(928) 317-0339",Troy Eckard,"Troy Eckard
President
(928) 317-0339"
Edge Construction,https://www.thebluebook.com/iProView/1754077/edge-construction/subcontractors/locations-contacts/,https://www.thebluebook.com/iProView/1754077/edge-construction/subcontractors/,"3450 S. 36th St. Phoenix, AZ 85040",+16026331800,http://edgeconstruct.com/,info@edgeconstruct.com,Marshall Witzig,"Marshall Witzig
Pres.
View Phone
View Fax",N/A,N/A,N/A,N/A
Edge Construction LLC,https://www.thebluebook.com/iProView/1031372/edge-construction-llc/general-contractors/locations-contacts/,https://www.thebluebook.com/iProView/1031372/edge-construction-llc/general-contractors/,"3450 S. 36th St. Phoenix, AZ 85040",+16029100248,http://edgeconstruct.com/,info@edgeconstruct.com,Marshall Witzig,"Marshall Witzig
President
(602) 633-1800
(602) 633-1801",Aaron Asmus,"Aaron Asmus
Preconstruction Manager
(602) 633-1800
(602) 633-1801",Aaron Alderink,"Aaron Alderink
Estimator
(602) 633-1800
(602) 633-1801"
"Elite Custom Builders, Inc.",https://www.thebluebook.com/iProView/1791762/elite-custom-builders-inc/general-contractors/locations-contacts/,https://www.thebluebook.com/iProView/1791762/elite-custom-builders-inc/general-contractors/,"4661 E. Halifax St. Mesa, AZ 85205",+14805285465,https://www.facebook.com/ArizonaEliteBuilders/,None Found,Sonia Farwell,"Sonia Farwell
Mgr.
View Phone",N/A,N/A,N/A,N/A
Elite Storage Solutions,https://www.thebluebook.com/iProView/1609269/elite-storage-solutions/general-contractors/locations-contacts/,https://www.thebluebook.com/iProView/1609269/elite-storage-solutions/general-contractors/,"7150 E Camelback Road 444 Scottsdale, AZ 85254",+18005885135,http://www.storm24.com/,None Found,Edward Barrett,"Edward Barrett
Owner
(800) 588-5135",N/A,N/A,N/A,N/A
Ellis & Co.,https://www.thebluebook.com/iProView/1594593/ellis-co/general-contractors/locations-contacts/,https://www.thebluebook.com/iProView/1594593/ellis-co/general-contractors/,"7645 E. Ray Rd. Ste. 108 Mesa, AZ 85212",+16024669450,http://ellisdab.com/,office@ellisdab.com,Jeremyha Lyle,"Jeremyha Lyle
Owner
(714) 988-2401
(602) 466-9450",N/A,N/A,N/A,N/A
"Emerald, Inc.",https://www.thebluebook.com/iProView/1059681/emerald-inc/general-contractors/locations-contacts/,https://www.thebluebook.com/iProView/1059681/emerald-inc/general-contractors/,"1633 E. Indigo St. Mesa, AZ 85203",+14808329808,http://emeraldinc.biz/,info@emeraldinc.biz,Quinten Merrill,"Quinten Merrill
President
(602) 635-1186
(602) 635-1198",Blair Aston,"Blair Aston
Project Manager, Estimator
(602) 635-1186
(602) 635-1198",Janel Harris,"Janel Harris
Office Manager
(480) 832-9808"
Energy Choice Insulation,https://www.thebluebook.com/iProView/1831696/energy-choice-insulation/subcontractors/locations-contacts/,https://www.thebluebook.com/iProView/1831696/energy-choice-insulation/subcontractors/,"12670 N. 88th Pl. Scottsdale, AZ 85260",+14806198837,http://energychoiceaz.com/,jsfish77@gmail.com,Justin Fish,"Justin Fish
Manager
View Phone",N/A,N/A,N/A,N/A
"England Homes, Inc.",https://www.thebluebook.com/iProView/1445355/england-homes-inc/subcontractors/locations-contacts/,https://www.thebluebook.com/iProView/1445355/england-homes-inc/subcontractors/,"701 Stockton Hill Rd., Ste. A Kingman, AZ 86401",+19287533704,https://www.thebluebook.com/iProView/1445355/england-homes-inc/subcontractors/locations-contacts/ctaz.com,N/A,Bob England,"Bob England
Owner
View Phone
View Fax",N/A,N/A,N/A,N/A
Epstein Construction LLC,https://www.thebluebook.com/iProView/267611/epstein-construction-llc/general-contractors/locations-contacts/,https://www.thebluebook.com/iProView/267611/epstein-construction-llc/general-contractors/,"870 S. Campbell Ave. Tucson, AZ 85719",+15208064000,https://www.epsteinconstructionaz.com/,admin@epsteinbuild.com,Michael Epstein,"Michael Epstein
Managing Member
(520) 806-4000
(520) 248-6700
(520) 806-4004",N/A,N/A,N/A,N/A
Ergos Builders LLC,https://www.thebluebook.com/iProView/1265822/ergos-builders/general-contractors/locations-contacts/,https://www.thebluebook.com/iProView/1265822/ergos-builders/general-contractors/,"20118 N. 67th Ave. Ste. 300-277 Glendale, AZ 85308",+16027038027,http://ergosbuilders.com/,N/A,Bill Nightingale,"Bill Nightingale
President
(602) 703-8027",N/A,N/A,N/A,N/A
Essayons Construction & Management LLC,https://www.thebluebook.com/iProView/1792914/essayons-construction-management-llc/subcontractors/locations-contacts/,https://www.thebluebook.com/iProView/1792914/essayons-construction-management-llc/subcontractors/,"751 W. Grantham St. Vail, AZ 85641",+15202624264,https://ecm-az.com/,N/A,Cory Schlosser,"Cory Schlosser
Proj. Mgr.
View Phone",N/A,N/A,N/A,N/A
Ethos Construction Svcs. LLC,https://www.thebluebook.com/iProView/1110945/ethos-construction-svcs-llc/general-contractors/locations-contacts/,https://www.thebluebook.com/iProView/1110945/ethos-construction-svcs-llc/general-contractors/,"2941 N. Power Rd., Ste. 101 Mesa, AZ 85215",+14802828977,http://www.ethos-cs.com/,605a7baede844d278b89dc95ae0a9123@sentry-next.wixpress.com,Chris Bailey,"Chris Bailey
Owner/President
(480) 282-8977
(480) 282-8978",Paul Bailey,"Paul Bailey
Member
(480) 282-8977
(480) 282-8978",N/A,N/A
Evans Southwest,https://www.thebluebook.com/iProView/1661094/evans-southwest/general-contractors/locations-contacts/,https://www.thebluebook.com/iProView/1661094/evans-southwest/general-contractors/,"8700 E. Pinnacle Peak Rd. Ste. 111 Scottsdale, AZ 85255",+14802207680,https://www.evanssouthwest.com/,user@domain.com,Chris Evans,"Chris Evans
President
(480) 220-7680
(480) 568-0336
(480) 568-0337",N/A,N/A,N/A,N/A
Evo Builders LLC,https://www.thebluebook.com/iProView/1893657/evo-builders-llc/subcontractors/locations-contacts/,https://www.thebluebook.com/iProView/1893657/evo-builders-llc/subcontractors/,"2602 W. Townley Ave., Ste. 4 Phoenix, AZ 85021",+16023626896,https://www.evobuildersllc.com/,N/A,Bobbie Romo,"Bobbie Romo
View Phone",N/A,N/A,N/A,N/A
Evolution Construction Services,https://www.thebluebook.com/iProView/1744143/evolution-construction-services/subcontractors/locations-contacts/,https://www.thebluebook.com/iProView/1744143/evolution-construction-services/subcontractors/,"2237 N. 36th St. Phoenix, AZ 85008",+14809628180,https://evolutionarizona.com/,None Found,Anthony Vay,"Anthony Vay
View Phone",N/A,N/A,N/A,N/A
Excel Construction Services LLC,https://www.thebluebook.com/iProView/1544063/excel-construction-services-llc/general-contractors/locations-contacts/,https://www.thebluebook.com/iProView/1544063/excel-construction-services-llc/general-contractors/,"13240 N. 26th Pl. Phoenix, AZ 85032",+19528467658,http://excelconstructionservices.com/,N/A,Hector Perez,"Hector Perez
Principal
(952) 846-7658
(952) 564-0973",N/A,N/A,N/A,N/A
Expedition Contracting LLC,https://www.thebluebook.com/iProView/1112015/expedition-contracting-llc/general-contractors/locations-contacts/,https://www.thebluebook.com/iProView/1112015/expedition-contracting-llc/general-contractors/,"P.O. Box 5393 Glendale, AZ 85312",+16234515563,http://www.expeditioncontracting.com/,None Found,Josh Edwards,"Josh Edwards
Owner
(623) 451-5563",N/A,N/A,N/A,N/A
F6 Construction LLC,https://www.thebluebook.com/iProView/1586501/f6-construction-llc/general-contractors/locations-contacts/,https://www.thebluebook.com/iProView/1586501/f6-construction-llc/general-contractors/,"3818 E. Fairview St. Gilbert, AZ 85295",+14808258159,http://www.f6constructionllc.com/,N/A,Gloria Vela,"Gloria Vela
Owner
(480) 825-8159",Isaac Montoya,"Isaac Montoya
Vice President
(480) 825-8159",N/A,N/A
"FCI Constructors, Inc.",https://www.thebluebook.com/iProView/291757/fci-constructors-inc/general-contractors/locations-contacts/,https://www.thebluebook.com/iProView/291757/fci-constructors-inc/general-contractors/,"P.O. Box 2176 Litchfield Park, AZ 85340",+16237727400,http://www.fciol.com/,None Found,Bob Terry III,"Bob Terry III
Vice President
(623) 772-7400
(623) 877-3300",Ed Forsman,"Ed Forsman
President
(623) 772-7400",Joe Kelleher,"Joe Kelleher
Vice President
(623) 772-7400
(623) 877-3300"
FCL Builders,https://www.thebluebook.com/iProView/1833147/fcl-builders/general-contractors/locations-contacts/,https://www.thebluebook.com/iProView/1833147/fcl-builders/general-contractors/,"8800 E. Chaparral Rd. Ste. 100 Scottsdale, AZ 85250",+14806744836,https://fclbuilders.com/,fcl-footer-logo@2x.webp,Tom Dennis,"Tom Dennis
View Phone",N/A,N/A,N/A,N/A
FHP Builders,https://www.thebluebook.com/iProView/1162250/fhp-builders/subcontractors/locations-contacts/,https://www.thebluebook.com/iProView/1162250/fhp-builders/subcontractors/,"7465 E. Osborn Rd. Scottsdale, AZ 85251",+14807979678,http://www.fhpbuilders.com/,None Found,Casey Fromm,"Casey Fromm
President
View Phone
View Fax",Greg Hartman,"Greg Hartman
CEO
View Phone
View Fax",N/A,N/A
FHR Construction Corp.,https://www.thebluebook.com/iProView/1806684/fhr-construction-corp/subcontractors/locations-contacts/,https://www.thebluebook.com/iProView/1806684/fhr-construction-corp/subcontractors/,"7720 E. Gelding Dr. Ste. 200 Scottsdale, AZ 85260",+16024038666,https://fhraz.com/,globe@2x.webp,Oron Garabian,"Oron Garabian
President
View Phone",N/A,N/A,N/A,N/A
FHR Construction Corporation,https://www.thebluebook.com/iProView/1400016/fhr-construction-corporation/general-contractors/locations-contacts/,https://www.thebluebook.com/iProView/1400016/fhr-construction-corporation/general-contractors/,"7720 E. Gelding Dr., Ste. 200 Ste. 200 Scottsdale, AZ 85260",+14809907555,http://fhraz.com/,globe@2x.webp,Unknown User,"Unknown User
View Phone",N/A,N/A,N/A,N/A
Fairbank's Contracting & Development LLC,https://www.thebluebook.com/iProView/961505/fairbank-s-contracting-development-llc/subcontractors/locations-contacts/,https://www.thebluebook.com/iProView/961505/fairbank-s-contracting-development-llc/subcontractors/,"175 S. Hamilton Pl., Bldg. 1, Ste. 101 Gilbert, AZ 85233",+14808946160,http://fairbanksaz.com/,info@fairbanksaz.com,Martin Fairbank,"Martin Fairbank
Owner
View Phone",N/A,N/A,N/A,N/A
Farnsworth Construction Co.,https://www.thebluebook.com/iProView/1156626/farnsworth-construction-co/general-contractors/locations-contacts/,https://www.thebluebook.com/iProView/1156626/farnsworth-construction-co/general-contractors/,"2351 S. Signal Butte Rd. Mesa, AZ 85209",+14803048452,http://www.fcc-az.com/,jarnett.fcc@gmail.com,John Arnett,"John Arnett
President
(480) 304-8454
(480) 797-7545
(480) 304-8453",Robert Hipps,"Robert Hipps
Vice President / Project Manager
(480) 304-8452
(480) 304-8453",Tim Nielsen,"Tim Nielsen
Vice President/Architect
(480) 797-7545
(480) 797-7548
(480) 304-8453"
Fathom Building Group,https://www.thebluebook.com/iProView/1787069/fathom-building-group/general-contractors/locations-contacts/,https://www.thebluebook.com/iProView/1787069/fathom-building-group/general-contractors/,"8723 East via De Commercio Ste. B Scottsdale, AZ 85258",+14806879550,https://fathombuildinggroup.com/,N/A,Mark Borodkin,"Mark Borodkin
Owner
View Phone",N/A,N/A,N/A,N/A
Felix,https://www.thebluebook.com/iProView/1717985/felix/subcontractors/locations-contacts/,https://www.thebluebook.com/iProView/1717985/felix/subcontractors/,"11140 N. 136th Ave. Surprise, AZ 85379",+16234354310,http://felixconstruction.com/,None Found,Archie Lopez,"Archie Lopez
Pres.
View Phone
View Fax",N/A,N/A,N/A,N/A
Fina CDM LLC,https://www.thebluebook.com/iProView/1797849/fina-cdm-llc/subcontractors/locations-contacts/,https://www.thebluebook.com/iProView/1797849/fina-cdm-llc/subcontractors/,"5665 N. Scottsdale Rd., Bldg. F, Ste. 140 Scottsdale, AZ 85250",+18004769129,https://finacdm.com/,None Found,David Fina,"David Fina
Owner
View Phone",N/A,N/A,N/A,N/A
Finocchiaro Construction,https://www.thebluebook.com/iProView/886756/finocchiaro-construction/general-contractors/locations-contacts/,https://www.thebluebook.com/iProView/886756/finocchiaro-construction/general-contractors/,"16042 N. 32nd St., Ste. D-9 Phoenix, AZ 85032",+16029710337,http://www.finoconst.com/,info@finoconst.com,Pete Finocchiaro,"Pete Finocchiaro
Owner
(602) 971-0337
(602) 391-2423",N/A,N/A,N/A,N/A
Fish Construction LLC,https://www.thebluebook.com/iProView/361049/fish-construction-llc/subcontractors/locations-contacts/,https://www.thebluebook.com/iProView/361049/fish-construction-llc/subcontractors/,"1531 W. Palmer Dr. Phoenix, AZ 85021",+16028614984,http://southwestflooringaz.com/,N/A,Greg Fish,"Greg Fish
Owner
View Phone
View Fax",N/A,N/A,N/A,N/A
Fleming Complete,https://www.thebluebook.com/iProView/1022454/fleming-complete/general-contractors/locations-contacts/,https://www.thebluebook.com/iProView/1022454/fleming-complete/general-contractors/,"1736 S. Nevada Way Mesa, AZ 85204",+14802370765,http://www.flemingcomplete.com/,None Found,Aaron Wolf,"Aaron Wolf
President
(480) 237-0765",Robert Haggard,"Robert Haggard
Vice President of Operations
(480) 237-0765",N/A,N/A
Galileo Construction LLC,https://www.thebluebook.com/iProView/799406/galileo-construction-llc/general-contractors/locations-contacts/,https://www.thebluebook.com/iProView/799406/galileo-construction-llc/general-contractors/,"1130 E. Pennsylvania St. Suite 505 Tucson, AZ 85714",+15205483714,http://www.galileocompanies.com/,None Found,Brian Schuyler,"Brian Schuyler
Founder and Managing Member
(520) 548-3714
(520) 844-9374",Bill Fetzer,"Bill Fetzer
Business Consultant
(520) 548-3714",N/A,N/A
Gallo Construction,https://www.thebluebook.com/iProView/353369/gallo-construction/general-contractors/locations-contacts/,https://www.thebluebook.com/iProView/353369/gallo-construction/general-contractors/,"701 W. 2nd St. Casa Grande, AZ 85122",+15208368899,https://galloconstruction.com/,info@galloconstruction.com,Jeff W. VanHise,"Jeff W. VanHise
Vice President And General Manager
View Phone
View Fax",John C Breitkreitz,"John C Breitkreitz
President/General Superintendent/Project Manager
View Phone",Krinda Brown,"Krinda Brown
View Phone
View Fax"
Ganem Construction LLC,https://www.thebluebook.com/iProView/1512211/ganem-construction-llc/general-contractors/locations-contacts/,https://www.thebluebook.com/iProView/1512211/ganem-construction-llc/general-contractors/,"1725 W. Williams Dr., Ste. 4 Phoenix, AZ 85027",+16235874430,http://www.ganemcompanies.com/,None Found,Dane Brubaker,"Dane Brubaker
Principal Architect
(623) 587-4430
(623) 587-4436",Eric Courter,"Eric Courter
COO
(623) 587-4430
(623) 587-4436",Jerry Mason,"Jerry Mason
Controller and Chief Financial Officer
(623) 587-4430
(623) 587-4436"
"Garcia Construction, Inc.",https://www.thebluebook.com/iProView/353464/garcia-construction-inc/general-contractors/locations-contacts/,https://www.thebluebook.com/iProView/353464/garcia-construction-inc/general-contractors/,"2745 E. 12th St. Douglas, AZ 85607",+15203648844,http://www.garciaconstructioninc.com/,louie@garciaconstructioninc.com,Louie Garcia,"Louie Garcia
Owner
(520) 364-8844
(520) 805-1267",N/A,N/A,N/A,N/A
Genesee Construction & Development,https://www.thebluebook.com/iProView/1875337/genesee-construction-development/subcontractors/locations-contacts/,https://www.thebluebook.com/iProView/1875337/genesee-construction-development/subcontractors/,"8130 E. Cactus Rd., Ste. 520 Scottsdale, AZ 85260",+14805407465,https://www.thebluebook.com/iProView/1875337/genesee-construction-development/subcontractors/locations-contacts/geneseecd.com,N/A,N/A,N/A,N/A,N/A,N/A,N/A
Gilbane Building Co.,https://www.thebluebook.com/iProView/1558416/gilbane-building-co/general-contractors/locations-contacts/,https://www.thebluebook.com/iProView/1558416/gilbane-building-co/general-contractors/,"2355 E. Camelback Rd. Phoenix, AZ 85016",+16025534700,http://www.gilbaneco.com/,None Found,Adam R. Jelen,"Adam R. Jelen
Executive Vice President
(602) 553-4700
(602) 553-4702",Brad A. Gordon,"Brad A. Gordon
Senior Vice President, General Counsel
(602) 553-4700
(602) 553-4702",Dan Gilbane,"Dan Gilbane
Executive Vice President
(602) 553-4700
(602) 553-4702"
Global Construction Management LLC,https://www.thebluebook.com/iProView/1891540/global-construction-management-llc/subcontractors/locations-contacts/,https://www.thebluebook.com/iProView/1891540/global-construction-management-llc/subcontractors/,"1440 S. Alvernon Way Tucson, AZ 85711",+15203901804,http://www.gcmqualitycontracting.com/,None Found,Unknown User,"Unknown User
View Phone",N/A,N/A,N/A,N/A
Golden Rule Construction LLC,https://www.thebluebook.com/iProView/1677143/golden-rule-construction-llc/general-contractors/locations-contacts/,https://www.thebluebook.com/iProView/1677143/golden-rule-construction-llc/general-contractors/,"2662 E. Cambridge Ring Dr. Tucson, AZ 85706",+15202530383,https://gldnrule.com/,info@gldnrule.com,Philip King,"Philip King
Owner
View Phone",N/A,N/A,N/A,N/A
Gonzalez & Associates,https://www.thebluebook.com/iProView/353373/gonzalez-associates/general-contractors/locations-contacts/,https://www.thebluebook.com/iProView/353373/gonzalez-associates/general-contractors/,"705 N. Tamarisk St. Chandler, AZ 85224",+14808214456,http://www.gonzalezbuilders.com/,info@gonzalezbuilders.com,Ted Gonzalez,"Ted Gonzalez
Owner
(480) 821-4456
(480) 821-4556",N/A,N/A,N/A,N/A
Gorman & Co. LLC,https://www.thebluebook.com/iProView/1679075/gorman-co-llc/general-contractors/locations-contacts/,https://www.thebluebook.com/iProView/1679075/gorman-co-llc/general-contractors/,"4700 N. Central Ave. Ste. 117 Phoenix, AZ 85012",+16023543105,https://www.gormanusa.com/,None Found,Brian Swanton,"Brian Swanton
President & CEO
(602) 354-3749
(602) 354-5222",Mike Redman,"Mike Redman
Chief Financial Officer
(602) 354-3749
(602) 354-5222",Sally Schwenn,"Sally Schwenn
President - Arizona Market
(602) 354-3105
(602) 354-3749"
Grail Construction LLC,https://www.thebluebook.com/iProView/1186068/grail-construction-llc/general-contractors/locations-contacts/,https://www.thebluebook.com/iProView/1186068/grail-construction-llc/general-contractors/,"1308 W. Glenn St. Tucson, AZ 85705",+15207901715,http://www.grailconstruction.com/,None Found,Donna Smith,"Donna Smith
Owner/Designer & Project Coordinator
(520) 790-1715",Tim Smith,"Tim Smith
Owner/Project Manager
(520) 790-1715",N/A,N/A
"Graycor Construction Co., Inc.",https://www.thebluebook.com/iProView/353436/graycor-construction-co-inc/general-contractors/locations-contacts/,https://www.thebluebook.com/iProView/353436/graycor-construction-co-inc/general-contractors/,"4600 E. Washington St. Ste. 440 Phoenix, AZ 85034",+14808943480,http://www.graycor.com/,None Found,Dave Wing,"Dave Wing
President & COO
(630) 684-7110
(630) 684-7258
(480) 894-1270",Sam Potter,"Sam Potter
President, Graycor Industrial
(630) 684-7321
(480) 894-3480
(480) 894-1270",Scott Skala,"Scott Skala
Vice President, Southeast Division
(704) 817-6256
(480) 894-3480
(480) 894-1270"
